t_s,h_sl_m,position_h-sl-ft,h_agl_m,position_h-agl-ft,lat_deg,lon_deg,x_north_m,x_east_m,vtrue_mps,velocities_vtrue-fps,mach,u_mps,velocities_u-fps,v_mps,velocities_v-fps,w_mps,velocities_w-fps,vn_mps,velocities_v-north-fps,ve_mps,velocities_v-east-fps,vd_mps,velocities_v-down-fps,p_radps,q_radps,r_radps,phi_rad,theta_rad,psi_rad,alpha_rad,beta_rad,nx_g,ny_g,nz_g,throttle,elevator,aileron,rudder,thrust_lb,fuel_lb,mass_kg,inertia_mass-slugs,temp_K,atmosphere_T-R,rho_kgpm3,atmosphere_rho-slugs_ft3
0.000000,4572.019389,15000.063612,4572.000000,15000.000000,30.166804,120.000000,0.000000,0.000000,273.862800,898.500000,0.849763,273.862800,898.500000,0.000000,0.000000,-0.000000,-0.000000,273.862800,898.500000,0.000000,0.000000,-0.000000,-0.000000,0.000000,0.000000,0.000000,0.000000,0.000000,0.000000,-0.000000,0.000000,-0.470222,-0.000000,0.207149,0.000000,0.000000,0.000000,0.000000,0.000000,7000.000000,9076.383200,621.929804,258.453233,465.215819,0.771091,0.001496
1.000000,4569.545918,14991.948548,4569.526537,14991.884964,30.169255,120.000000,271.757873,0.009598,269.728800,884.937008,0.836909,269.697278,884.833590,0.003015,0.009892,4.123557,13.528729,269.694306,884.823838,0.019114,0.062710,4.313534,14.152016,-0.000089,-0.024369,0.000089,-0.000112,-0.000704,0.000058,0.015288,0.000011,-0.513412,-0.000020,0.584157,0.000000,0.000000,0.000000,0.000000,15.896512,4699.795405,8033.028670,550.437310,258.469287,465.244717,0.771294,0.001497
2.000000,4563.306111,14971.476742,4563.286755,14971.413238,30.171663,120.000000,538.649890,0.038242,264.513401,867.826118,0.820663,264.416997,867.509832,0.004005,0.013140,7.140796,23.427807,264.402266,867.461501,0.038099,0.124995,7.666794,25.153522,0.000118,-0.004637,0.000071,-0.000039,-0.001989,0.000128,0.026999,0.000015,-0.562036,-0.000063,0.791323,0.000000,0.000000,0.000000,0.000000,0.000000,4699.607871,8032.943605,550.431481,258.509788,465.317618,0.771809,0.001498
3.000000,4554.518406,14942.645688,4554.499085,14942.582300,30.174021,120.000001,800.029907,0.085706,258.847218,849.236278,0.802995,258.705610,848.771686,0.003332,0.010932,8.560925,28.087025,258.659188,848.619383,0.056908,0.186705,9.864243,32.363002,0.000004,0.007667,0.000078,0.000014,-0.005038,0.000208,0.033079,0.000013,-0.609190,-0.000038,0.830046,0.000000,0.000000,0.000000,0.000000,0.000000,4699.420336,8032.858541,550.425652,258.566826,465.420287,0.772534,0.001499
4.000000,4544.060681,14908.335566,4544.041403,14908.272318,30.176325,120.000002,1055.471749,0.151756,252.756607,829.253959,0.783998,252.556878,828.598681,0.003297,0.010816,10.046180,32.959907,252.516903,828.467529,0.075103,0.246401,11.005016,36.105696,-0.000038,0.003113,0.000076,-0.000011,-0.003797,0.000284,0.039757,0.000013,-0.651657,-0.000040,0.887194,0.000000,0.000000,0.000000,0.000000,0.000000,4699.232802,8032.773477,550.419823,258.634704,465.542468,0.773397,0.001501
5.000000,4532.735124,14871.178230,4532.715893,14871.115134,30.178573,120.000002,1304.653078,0.235419,246.754715,809.562715,0.765272,246.468175,808.622621,0.003315,0.010877,11.888161,39.003154,246.486642,808.683207,0.092273,0.302732,11.498550,37.724901,0.000002,0.001228,0.000076,-0.000031,0.001581,0.000359,0.048197,0.000013,-0.477984,-0.000039,0.969798,0.000000,0.000000,0.000000,0.000000,0.000000,4699.045267,8032.688413,550.413995,258.708215,465.674788,0.774333,0.001502
6.000000,4521.085656,14832.958188,4521.066472,14832.895248,30.180779,120.000003,1549.223161,0.336361,243.868142,800.092330,0.756210,243.514210,798.931135,0.003397,0.011145,13.133937,43.090344,243.585196,799.164029,0.109962,0.360767,11.743548,38.528702,0.000019,0.006435,0.000078,-0.000016,0.005709,0.000437,0.053883,0.000014,-0.116574,-0.000034,0.999561,0.000000,0.000000,0.000000,0.000000,0.000000,4698.857733,8032.603349,550.408166,258.783829,465.810892,0.775297,0.001504
7.000000,4509.447399,14794.774931,4509.428263,14794.712148,30.182969,120.000005,1792.037754,0.455390,242.646616,796.084699,0.752312,242.227948,794.711115,0.003326,0.010913,14.247868,46.744974,242.375838,795.196319,0.128264,0.420813,11.459367,37.596349,0.000004,0.007634,0.000078,-0.000003,0.011508,0.000515,0.058752,0.000014,-0.115398,-0.000033,1.051467,0.000000,0.000000,0.000000,0.000000,0.000000,4698.670198,8032.518284,550.402337,258.859370,465.946867,0.776261,0.001506
8.000000,4498.361578,14758.404126,4498.342487,14758.341492,30.185148,120.000006,2033.603625,0.592609,241.319003,791.729011,0.748092,240.836199,790.145010,0.003252,0.010668,15.257333,50.056868,241.084665,790.960187,0.146331,0.480090,10.631267,34.879484,-0.000007,0.007082,0.000077,-0.000004,0.019198,0.000593,0.063267,0.000013,-0.114900,-0.000032,1.102082,0.000000,0.000000,0.000000,0.000000,0.000000,4698.482664,8032.433220,550.396508,258.931326,466.076387,0.777179,0.001508
9.000000,4488.288005,14725.354348,4488.268955,14725.291848,30.187316,120.000008,2273.837200,0.747680,239.895081,787.057352,0.743584,239.360818,785.304521,0.003231,0.010601,16.001519,52.498423,239.708483,786.445154,0.163983,0.538001,9.458658,31.032344,-0.000003,0.008172,0.000077,-0.000008,0.027313,0.000670,0.066752,0.000013,-0.113692,-0.000032,1.135910,0.000000,0.000000,0.000000,0.000000,0.000000,4698.295129,8032.348156,550.390680,258.996712,466.194082,0.778015,0.001510
10.000000,4479.520294,14696.588891,4479.501280,14696.526508,30.189470,120.000010,2512.654142,0.920164,238.385735,782.105429,0.738824,237.818519,780.244486,0.003208,0.010523,16.435036,53.920722,238.249396,781.658124,0.181194,0.594468,8.059214,26.440992,0.000001,0.008085,0.000076,-0.000006,0.035184,0.000747,0.068998,0.000013,-0.112494,-0.000031,1.149269,0.000000,0.000000,0.000000,0.000000,0.000000,4698.107595,8032.263092,550.384851,259.053622,466.296519,0.778743,0.001511
11.000000,4472.204589,14672.587235,4472.185604,14672.524948,30.191611,120.000012,2749.974161,1.109634,236.802849,776.912233,0.733851,236.212661,774.975923,0.003157,0.010359,16.708314,54.817302,236.711708,776.613216,0.197985,0.649556,6.566372,21.543214,-0.000001,0.007144,0.000076,-0.000002,0.042884,0.000823,0.070617,0.000013,-0.111705,-0.000031,1.154317,0.000000,0.000000,0.000000,0.000000,0.000000,4697.920060,8032.178028,550.379022,259.101107,466.381993,0.779351,0.001512
12.000000,4466.376143,14653.465038,4466.357182,14653.402827,30.193737,120.000014,2985.717088,1.315658,235.149107,771.486572,0.728673,234.546502,769.509523,0.003097,0.010161,16.823814,55.196242,235.093728,771.304882,0.214327,0.703173,5.098598,16.727682,-0.000004,0.006573,0.000075,-0.000001,0.049922,0.000898,0.071606,0.000013,-0.111353,-0.000030,1.149958,0.000000,0.000000,0.000000,0.000000,0.000000,4697.732526,8032.092963,550.373193,259.138939,466.450090,0.779835,0.001513
13.000000,4461.973803,14639.021662,4461.954858,14638.959507,30.195849,120.000016,3219.810711,1.537776,233.444684,765.894633,0.723351,232.839940,763.910565,0.003047,0.009998,16.792345,55.092995,233.414760,765.796457,0.230204,0.755261,3.730596,12.239488,-0.000004,0.005686,0.000074,-0.000001,0.056014,0.000973,0.071995,0.000013,-0.110093,-0.000029,1.136341,0.000000,0.000000,0.000000,0.000000,0.000000,4697.544991,8032.007899,550.367365,259.167514,466.501525,0.780201,0.001514
14.000000,4458.862893,14628.815265,4458.843960,14628.753149,30.197945,120.000018,3452.205715,1.775530,231.710933,760.206474,0.717951,231.109265,758.232498,0.003008,0.009869,16.687243,54.748172,231.697085,760.161041,0.245636,0.805892,2.521305,8.271998,-0.000004,0.004579,0.000074,-0.000000,0.061198,0.001047,0.072080,0.000013,-0.108224,-0.000028,1.118810,0.000000,0.000000,0.000000,0.000000,0.000000,4697.357457,8031.922835,550.361536,259.187706,466.537871,0.780460,0.001514
15.000000,4456.864145,14622.257694,4456.845219,14622.195600,30.200026,120.000021,3682.873374,2.028497,229.965424,754.479737,0.712525,229.370378,752.527488,0.002969,0.009742,16.532567,54.240704,229.960318,754.462985,0.260668,0.855211,1.510136,4.954513,-0.000004,0.003663,0.000073,0.000000,0.065387,0.001121,0.071954,0.000013,-0.106039,-0.000028,1.098494,0.000000,0.000000,0.000000,0.000000,0.000000,4697.169922,8031.837771,550.355707,259.200680,466.561224,0.780626,0.001515
16.000000,4455.771953,14618.674386,4455.753030,14618.612303,30.202091,120.000024,3911.802366,2.296298,228.220843,748.756046,0.707110,227.634314,746.831738,0.002932,0.009618,16.351520,53.646721,228.219570,748.751870,0.275343,0.903356,0.710748,2.331852,-0.000005,0.002740,0.000073,0.000001,0.068595,0.001194,0.071709,0.000013,-0.103753,-0.000027,1.076668,0.000000,0.000000,0.000000,0.000000,0.000000,4696.982388,8031.752707,550.349878,259.207769,466.573985,0.780717,0.001515
17.000000,4455.371649,14617.361053,4455.352726,14617.298970,30.204141,120.000027,4138.994844,2.578595,226.486488,743.065907,0.701733,225.907851,741.167491,0.002900,0.009514,16.179376,53.081942,226.486269,743.065187,0.289695,0.950444,0.124672,0.409029,-0.000005,0.001888,0.000072,0.000001,0.070947,0.001266,0.071497,0.000013,-0.101535,-0.000027,1.055585,0.000000,0.000000,0.000000,0.000000,0.000000,4696.794854,8031.667642,550.344050,259.210368,466.578662,0.780750,0.001515
18.000000,4455.454490,14617.632843,4455.435566,14617.570754,30.206174,120.000030,4364.462264,2.875082,224.768327,737.428894,0.696410,224.195953,735.551028,0.002875,0.009431,16.030450,52.593340,224.767974,737.427735,0.303760,0.996587,-0.258014,-0.846502,-0.000005,0.001212,0.000072,0.000001,0.072528,0.001339,0.071380,0.000013,-0.099523,-0.000026,1.035860,0.000000,0.000000,0.000000,0.000000,0.000000,4696.607319,8031.582578,550.338221,259.209830,466.577694,0.780743,0.001515
19.000000,4455.826561,14618.853547,4455.807633,14618.791448,30.208193,120.000033,4588.221802,3.185488,223.069253,731.854505,0.691149,222.500542,729.988654,0.002854,0.009363,15.918563,52.226258,223.068559,731.852226,0.317569,1.041892,-0.457230,-1.500097,-0.000005,0.000638,0.000072,0.000001,0.073472,0.001411,0.071422,0.000013,-0.097804,-0.000026,1.018204,0.000000,0.000000,0.000000,0.000000,0.000000,4696.419785,8031.497514,550.332392,259.207415,466.573347,0.780712,0.001515
20.000000,4456.315718,14620.458391,4456.296786,14620.396280,30.210196,120.000036,4810.293143,3.509571,221.389995,726.345126,0.685950,220.821473,724.479900,0.002837,0.009307,15.855805,52.020358,221.389190,726.342485,0.331150,1.086451,-0.496770,-1.629823,-0.000005,0.000207,0.000072,0.000001,0.073925,0.001483,0.071681,0.000013,-0.096431,-0.000025,1.003246,0.000000,0.000000,0.000000,0.000000,0.000000,4696.232250,8031.412450,550.326563,259.204240,466.567632,0.780672,0.001515
21.000000,4456.775781,14621.967784,4456.756846,14621.905661,30.212184,120.000040,5030.695901,3.847116,219.729405,720.896998,0.680809,219.157337,719.020134,0.002822,0.009259,15.845289,51.985857,219.728764,720.894897,0.344525,1.130330,-0.403508,-1.323847,-0.000005,-0.000081,0.000072,0.000001,0.074012,0.001555,0.072175,0.000013,-0.095425,-0.000025,0.991002,0.000000,0.000000,0.000000,0.000000,0.000000,4696.044716,8031.327386,550.320735,259.201254,466.562256,0.780633,0.001515
22.000000,4457.087779,14622.991399,4457.068841,14622.929268,30.214158,120.000044,5249.447771,4.197921,218.084963,715.501846,0.675716,217.505326,713.600151,0.002811,0.009222,15.889750,52.131726,218.084573,715.500567,0.357705,1.173574,-0.205200,-0.673227,-0.000006,-0.000260,0.000072,0.000001,0.073866,0.001627,0.072925,0.000013,-0.094778,-0.000025,0.981545,0.000000,0.000000,0.000000,0.000000,0.000000,4695.857181,8031.242321,550.314906,259.199228,466.558611,0.780607,0.001515
23.000000,4457.159972,14623.228255,4457.141033,14623.166117,30.216116,120.000047,5466.563213,4.561798,216.453276,710.148543,0.670661,215.861967,708.208552,0.002801,0.009191,15.988494,52.455689,216.452947,710.147462,0.370700,1.216207,0.071762,0.235440,-0.000005,-0.000324,0.000072,0.000000,0.073602,0.001700,0.073933,0.000013,-0.094462,-0.000024,0.974743,0.000000,0.000000,0.000000,0.000000,0.000000,4695.669647,8031.157257,550.309077,259.198760,466.557768,0.780601,0.001515
24.000000,4456.926273,14622.461526,4456.907333,14622.399387,30.218060,120.000051,5682.052695,4.938562,214.830363,704.824024,0.665631,214.223363,702.832557,0.002793,0.009165,16.138005,52.946209,214.829643,704.821662,0.383512,1.258241,0.402768,1.321417,-0.000005,-0.000300,0.000072,0.000000,0.073316,0.001772,0.075191,0.000013,-0.094434,-0.000024,0.970309,0.000000,0.000000,0.000000,0.000000,0.000000,4695.482112,8031.072193,550.303248,259.200277,466.560498,0.780621,0.001515
25.000000,4456.343686,14620.550150,4456.324747,14620.488014,30.219989,120.000055,5895.922355,5.328032,213.212010,699.514469,0.660612,212.585392,697.458635,0.002786,0.009141,16.334394,53.590530,213.210266,699.508745,0.396140,1.299672,0.766160,2.513649,-0.000005,-0.000203,0.000073,0.000000,0.073093,0.001845,0.076686,0.000013,-0.094640,-0.000024,0.967973,0.000000,0.000000,0.000000,0.000000,0.000000,4695.294578,8030.987129,550.297420,259.204058,466.567305,0.780669,0.001515
26.000000,4455.389352,14617.419134,4455.370416,14617.357007,30.221904,120.000060,6108.175756,5.730023,211.605831,694.244852,0.655628,210.956584,692.114778,0.002779,0.009118,16.563429,54.341958,211.602347,694.233421,0.408602,1.340559,1.143461,3.751512,-0.000005,-0.000324,0.000073,0.000000,0.072951,0.001918,0.078355,0.000013,-0.089135,-0.000024,0.966820,0.136259,0.000000,0.000000,0.000000,107.888995,4695.107043,8030.902065,550.291591,259.210253,466.578455,0.780749,0.001515
27.000000,4454.047827,14613.017807,4454.028895,14612.955693,30.223805,120.000064,6318.899474,6.144520,210.207916,689.658518,0.651285,209.544723,687.482688,0.002772,0.009094,16.684634,54.739612,210.201769,689.638351,0.421293,1.382196,1.551368,5.089791,-0.000005,-0.001250,0.000073,0.000000,0.072075,0.001991,0.079456,0.000013,-0.053536,-0.000024,0.957490,0.344483,0.000000,0.000000,0.000000,761.755471,4694.902863,8030.809799,550.285269,259.218960,466.594129,0.780860,0.001515
28.000000,4452.266092,14607.172217,4452.247166,14607.110124,30.225695,120.000068,6528.445757,6.572069,209.290591,686.648921,0.648429,208.613364,684.427047,0.002773,0.009098,16.823075,55.193817,209.280420,686.615552,0.434826,1.426593,2.016968,6.617351,-0.000005,-0.001423,0.000073,0.000000,0.070831,0.002064,0.080468,0.000013,0.003032,-0.000024,0.950039,0.528994,0.000000,0.000000,0.000000,1802.272366,4694.485263,8030.621412,550.272360,259.230526,466.614946,0.781009,0.001515
29.000000,4450.009474,14599.768615,4449.990556,14599.706549,30.227580,120.000073,6737.372412,7.013728,208.985658,685.648485,0.647466,208.292749,683.375162,0.002779,0.009116,17.003997,55.787393,208.970299,685.598092,0.449590,1.475033,2.493501,8.180778,-0.000005,-0.001026,0.000074,-0.000000,0.069523,0.002138,0.081454,0.000013,0.065410,-0.000024,0.947458,0.677391,0.000000,0.000000,0.000000,2960.962876,4693.800922,8030.311962,550.251156,259.245173,466.641311,0.781196,0.001516
30.000000,4447.303311,14590.890128,4447.284403,14590.828094,30.229464,120.000078,6946.291246,7.470795,209.271103,686.584983,0.648328,208.555214,684.236268,0.002791,0.009157,17.294998,56.742120,209.250502,686.517395,0.465669,1.527785,2.899138,9.511608,-0.000005,-0.000310,0.000074,-0.000000,0.068884,0.002212,0.082738,0.000013,0.120747,-0.000024,0.955550,0.787019,0.000000,0.000000,0.000000,4004.397258,4692.880472,8029.895271,550.222604,259.262738,466.672929,0.781422,0.001516
31.000000,4444.261688,14580.911051,4444.242792,14580.849055,30.231354,120.000083,7155.737869,7.944519,210.026450,689.063156,0.650643,209.283246,686.624823,0.002805,0.009202,17.653119,57.917058,210.002237,688.983718,0.482906,1.584336,3.152284,10.342139,-0.000005,0.000777,0.000074,-0.000000,0.069142,0.002286,0.084151,0.000013,0.162812,-0.000024,0.971980,0.862239,0.000000,0.000000,0.000000,4816.345392,4691.766209,8029.390496,550.188015,259.282481,466.708467,0.781675,0.001517
32.000000,4441.071866,14570.445755,4441.052982,14570.383799,30.233251,120.000088,7366.108650,8.435924,211.099881,692.584912,0.653943,210.328784,690.055065,0.002817,0.009241,18.026715,59.142767,211.075206,692.503955,0.501027,1.643791,3.188474,10.460873,-0.000005,0.001673,0.000074,-0.000000,0.070394,0.002360,0.085498,0.000013,0.191130,-0.000024,0.993677,0.910424,0.000000,0.000000,0.000000,5381.630335,4690.505295,8028.819020,550.148857,259.303186,466.745735,0.781941,0.001517
33.000000,4437.964865,14560.252182,4437.945993,14560.190265,30.235160,120.000093,7577.654534,8.945750,212.355144,696.703227,0.657806,211.559750,694.093669,0.002825,0.009268,18.362436,60.244211,212.333529,696.632312,0.519747,1.705208,2.984875,9.792896,-0.000005,0.002448,0.000074,-0.000000,0.072522,0.002434,0.086579,0.000013,0.208046,-0.000025,1.017003,0.938905,0.000000,0.000000,0.000000,5736.646353,4689.143660,8028.201695,550.106557,259.323354,466.782037,0.782200,0.001518
34.000000,4435.179528,14551.113938,4435.160666,14551.052055,30.237080,120.000098,7790.505524,9.474465,213.688413,701.077472,0.661913,212.876717,698.414427,0.002827,0.009276,18.607558,61.048420,213.672520,701.025329,0.538816,1.767768,2.549866,8.365701,-0.000005,0.002933,0.000074,-0.000000,0.075256,0.002508,0.087188,0.000013,0.216582,-0.000025,1.038060,0.953680,0.000000,0.000000,0.000000,5931.880049,4687.720563,8027.556358,550.062337,259.341433,466.814580,0.782432,0.001518
35.000000,4432.930495,14543.735220,4432.911641,14543.673363,30.239012,120.000104,8004.703791,10.022314,215.029505,705.477380,0.666048,214.211201,702.792654,0.002826,0.009270,18.741653,61.488363,215.020213,705.446894,0.558038,1.830834,1.919552,6.297744,-0.000005,0.003117,0.000073,0.000000,0.078342,0.002582,0.087269,0.000013,0.219387,-0.000025,1.054995,0.959108,0.000000,0.000000,0.000000,6012.354101,4686.266441,8026.896851,550.017146,259.356031,466.840857,0.782619,0.001519
36.000000,4431.387870,14538.674113,4431.369021,14538.612273,30.240956,120.000110,8220.233511,10.589378,216.335293,709.761458,0.670080,215.521059,707.090089,0.002820,0.009252,18.751849,61.521813,216.331483,709.748959,0.577276,1.893950,1.146769,3.762366,-0.000006,0.003065,0.000073,0.000000,0.081488,0.002655,0.086788,0.000013,0.218393,-0.000025,1.066298,0.958133,0.000000,0.000000,0.000000,6011.948948,4684.803506,8026.233275,549.971677,259.366044,466.858880,0.782748,0.001519
37.000000,4430.664855,14536.302017,4430.646008,14536.240182,30.242912,120.000116,8437.044084,11.175620,217.581652,713.850565,0.673934,216.781508,711.225420,0.002812,0.009225,18.642781,61.163978,217.580641,713.847247,0.596437,1.956813,0.290474,0.953000,-0.000006,0.002766,0.000072,0.000001,0.084452,0.002728,0.085787,0.000013,0.214914,-0.000025,1.071662,0.952665,0.000000,0.000000,0.000000,5954.144897,4683.347573,8025.572825,549.926422,259.370738,466.867328,0.782808,0.001519
38.000000,4430.814796,14536.793952,4430.795947,14536.732111,30.244879,120.000122,8655.066373,11.780935,218.756985,717.706644,0.677576,217.979364,715.155395,0.002802,0.009194,18.428652,60.461457,218.755324,717.701196,0.615465,2.019241,-0.589705,-1.934728,-0.000006,0.002304,0.000072,0.000001,0.087038,0.002801,0.084343,0.000013,0.209780,-0.000025,1.071432,0.943906,0.000000,0.000000,0.000000,5854.455143,4681.909906,8024.920624,549.881732,259.369764,466.865576,0.782796,0.001519
39.000000,4431.834220,14540.138516,4431.815365,14540.076656,30.246856,120.000129,8874.223340,12.405171,219.857077,721.315869,0.680992,219.108505,718.859924,0.002793,0.009164,18.127257,59.472627,219.851446,721.297394,0.634332,2.081141,-1.440055,-4.724588,-0.000006,0.001721,0.000071,0.000001,0.089094,0.002873,0.082544,0.000013,0.203503,-0.000025,1.066233,0.932616,0.000000,0.000000,0.000000,5723.245996,4680.498645,8024.280375,549.837861,259.363147,466.853665,0.782711,0.001519
40.000000,4433.669839,14546.160888,4433.650974,14546.098998,30.248842,120.000136,9094.436535,13.048162,220.881804,724.677833,0.684182,220.166537,722.331158,0.002785,0.009137,17.761394,58.272291,220.869727,724.638214,0.653028,2.142482,-2.215443,-7.268514,-0.000006,0.001065,0.000071,0.000001,0.090528,0.002944,0.080498,0.000013,0.196401,-0.000025,1.057104,0.919301,0.000000,0.000000,0.000000,5567.761469,4679.119771,8023.654796,549.794995,259.351232,466.832218,0.782558,0.001518
41.000000,4436.228371,14554.555023,4436.209494,14554.493091,30.250837,120.000142,9315.629583,13.709739,221.833024,727.798637,0.687150,221.153232,725.568347,0.002779,0.009117,17.353345,56.933545,221.813299,727.733921,0.671558,2.203274,-2.880987,-9.452059,-0.000006,0.000391,0.000070,0.000001,0.091295,0.003015,0.078307,0.000013,0.188677,-0.000025,1.045100,0.904329,0.000000,0.000000,0.000000,5393.526473,4677.777681,8023.045889,549.753272,259.334625,466.802325,0.782344,0.001518
42.000000,4439.387178,14564.918563,4439.368286,14564.856583,30.252841,120.000150,9537.729739,14.389737,222.713299,730.686677,0.689904,222.069292,728.573792,0.002775,0.009105,16.924635,55.527018,222.686079,730.597373,0.689931,2.263552,-3.412883,-11.197124,-0.000007,-0.000267,0.000070,0.000001,0.091391,0.003086,0.076066,0.000012,0.180473,-0.000025,1.031295,0.888007,0.000000,0.000000,0.000000,5205.229448,4676.475528,8022.455087,549.712789,259.314121,466.765419,0.782081,0.001517
43.000000,4443.005053,14576.788230,4442.986144,14576.726194,30.254852,120.000157,9760.668184,15.088008,223.525263,733.350602,0.692451,222.915801,731.351053,0.002774,0.009103,16.495125,54.117864,223.491877,733.241066,0.708160,2.323360,-3.797751,-12.459814,-0.000007,-0.000873,0.000070,0.000001,0.090854,0.003156,0.073862,0.000012,0.171904,-0.000025,1.016722,0.870618,0.000000,0.000000,0.000000,5007.143790,4675.215415,8021.883348,549.673612,259.290638,466.723149,0.781780,0.001517
44.000000,4446.932348,14589.673056,4446.913421,14589.610961,30.256870,120.000164,9984.379628,15.804413,224.271319,735.798292,0.694796,223.694011,733.904237,0.002777,0.009110,16.081477,52.760750,224.233899,735.675523,0.726261,2.382745,-4.031815,-13.227740,-0.000006,-0.001403,0.000070,0.000001,0.089745,0.003227,0.071767,0.000012,0.163071,-0.000025,1.002255,0.852444,0.000000,0.000000,0.000000,4803.330584,4673.998514,8021.331206,549.635779,259.265146,466.677263,0.781453,0.001516
45.000000,4451.019874,14603.083575,4451.000928,14603.021417,30.258894,120.000172,10208.801617,16.538831,224.953454,738.036265,0.696945,224.405095,736.237189,0.002782,0.009127,15.697438,51.500781,224.914498,737.908460,0.744244,2.441746,-4.119558,-13.515611,-0.000006,-0.001842,0.000070,0.000001,0.088152,0.003297,0.069838,0.000012,0.153859,-0.000025,0.988656,0.833780,0.000000,0.000000,0.000000,4597.720561,4672.825165,8020.798820,549.599299,259.238615,466.629506,0.781112,0.001516
46.000000,4455.126260,14616.555971,4455.107295,14616.493751,30.260925,120.000180,10433.868787,17.291133,225.560566,740.028105,0.698862,225.037452,738.311851,0.002789,0.009152,15.352984,50.370683,225.522525,739.903298,0.762077,2.500254,-4.071717,-13.358651,-0.000006,-0.002188,0.000070,0.000000,0.086171,0.003367,0.068119,0.000012,0.142780,-0.000025,0.976534,0.815790,0.000000,0.000000,0.000000,4403.202141,4671.694223,8020.285679,549.564137,259.211960,466.581529,0.780771,0.001515
47.000000,4459.122608,14629.667348,4459.103624,14629.605067,30.262960,120.000188,10659.506135,18.061159,226.092769,741.774176,0.700546,225.591141,740.128416,0.002799,0.009183,15.052481,49.384782,226.057752,741.659290,0.779760,2.558266,-3.901923,-12.801584,-0.000006,-0.002431,0.000070,0.000000,0.083885,0.003437,0.066626,0.000012,0.132688,-0.000025,0.965840,0.798991,0.000000,0.000000,0.000000,4225.031771,4670.602143,8019.790180,549.530185,259.186021,466.534837,0.780438,0.001514
48.000000,4462.895685,14642.046210,4462.876684,14641.983872,30.265000,120.000196,10885.645754,18.848777,226.559790,743.306397,0.702026,226.075564,741.717730,0.002811,0.009221,14.804650,48.571686,226.529325,743.206447,0.797322,2.615885,-3.628728,-11.905275,-0.000006,-0.002575,0.000070,0.000000,0.081409,0.003507,0.065392,0.000012,0.123420,-0.000026,0.957210,0.783199,0.000000,0.000000,0.000000,4060.673772,4669.545618,8019.310819,549.497338,259.161530,466.490754,0.780124,0.001514
49.000000,4466.352855,14653.388632,4466.333838,14653.326240,30.267044,120.000204,11112.227510,19.653875,226.968916,744.648673,0.703324,226.498092,743.103975,0.002823,0.009263,14.611749,47.938808,226.943839,744.566400,0.814785,2.673180,-3.273975,-10.741387,-0.000006,-0.002607,0.000070,-0.000000,0.078848,0.003578,0.064422,0.000012,0.114871,-0.000026,0.950850,0.768338,0.000000,0.000000,0.000000,3908.824282,4668.521812,8018.846309,549.465509,259.139090,466.450362,0.779837,0.001513
50.000000,4469.424358,14663.465741,4469.405326,14663.403301,30.269091,120.000213,11339.196956,20.476364,227.325741,745.819359,0.704457,226.864556,744.306285,0.002837,0.009308,14.472932,47.483371,227.306210,745.755281,0.832165,2.730200,-2.861270,-9.387370,-0.000006,-0.002550,0.000071,-0.000000,0.076296,0.003648,0.063709,0.000012,0.106988,-0.000026,0.946792,0.754402,0.000000,0.000000,0.000000,3768.940155,4667.528135,8018.395476,549.434617,259.119153,466.414476,0.779582,0.001513
51.000000,4472.063847,14672.125482,4472.044803,14672.063000,30.271142,120.000222,11566.504030,21.316165,227.634754,746.833181,0.705438,227.179742,745.340361,0.002851,0.009354,14.385616,47.196902,227.620371,746.785994,0.849470,2.786977,-2.413762,-7.919167,-0.000005,-0.002418,0.000071,-0.000001,0.073842,0.003719,0.063238,0.000013,0.099756,-0.000026,0.944982,0.741423,0.000000,0.000000,0.000000,3640.887863,4666.562106,8017.957193,549.404585,259.102021,466.383637,0.779362,0.001512
52.000000,4474.247519,14679.289761,4474.228464,14679.227244,30.273195,120.000230,11794.102299,22.173206,227.899741,747.702561,0.706278,227.447856,746.219999,0.002865,0.009399,14.344498,47.062002,227.889724,747.669697,0.866707,2.843528,-1.953053,-6.407654,-0.000005,-0.002221,0.000071,-0.000001,0.071554,0.003791,0.062984,0.000013,0.093169,-0.000026,0.945187,0.729453,0.000000,0.000000,0.000000,3524.718279,4665.621279,8017.530350,549.375337,259.087847,466.358124,0.779181,0.001512
53.000000,4475.972014,14684.947552,4475.952950,14684.885006,30.275250,120.000240,12021.948597,23.047420,228.124073,748.438560,0.706989,227.672708,746.957703,0.002878,0.009443,14.343318,47.058130,228.117440,748.416798,0.883879,2.899866,-1.498352,-4.915853,-0.000005,-0.001980,0.000071,-0.000001,0.069485,0.003862,0.062917,0.000013,0.087233,-0.000026,0.947127,0.718549,0.000000,0.000000,0.000000,3420.513516,4664.703208,8017.113839,549.346797,259.076653,466.337976,0.779038,0.001512
54.000000,4477.251637,14689.145791,4477.232566,14689.083222,30.277307,120.000249,12250.002897,23.938742,228.310918,749.051567,0.707579,227.857913,747.565332,0.002890,0.009483,14.375203,47.162739,228.306652,749.037574,0.900988,2.955996,-1.065734,-3.496502,-0.000005,-0.001710,0.000072,-0.000001,0.067673,0.003934,0.063005,0.000013,0.081953,-0.000027,0.950481,0.708760,0.000000,0.000000,0.000000,3328.285058,4663.805445,8016.706548,549.318889,259.068347,466.323025,0.778931,0.001511
55.000000,4478.115131,14691.978776,4478.096054,14691.916189,30.279366,120.000258,12478.228321,24.847111,228.463364,749.551720,0.708059,228.007023,748.054538,0.002902,0.009520,14.432814,47.351753,228.460543,749.542465,0.918034,3.011923,-0.667923,-2.191349,-0.000005,-0.001426,0.000072,-0.000001,0.066139,0.004006,0.063216,0.000013,0.077329,-0.000027,0.954896,0.700117,0.000000,0.000000,0.000000,3247.918489,4662.925553,8016.307373,549.291537,259.062743,466.312937,0.778860,0.001511
56.000000,4478.602232,14693.576878,4478.583152,14693.514279,30.281426,120.000268,12706.591210,25.772465,228.584504,749.949160,0.708439,228.123566,748.436896,0.002911,0.009552,14.509103,47.602044,228.582376,749.942177,0.935020,3.067650,-0.314217,-1.030896,-0.000005,-0.001141,0.000072,-0.000001,0.064891,0.004078,0.063516,0.000013,0.073351,-0.000027,0.960032,0.692635,0.000000,0.000000,0.000000,3179.144940,4662.061125,8015.915221,549.264666,259.059581,466.307246,0.778819,0.001511
57.000000,4478.760294,14694.095454,4478.741212,14694.032848,30.283487,120.000278,12935.061203,26.714742,228.677466,750.254153,0.708729,228.211081,748.724019,0.002920,0.009579,14.597461,47.891932,228.675484,750.247652,0.951946,3.123181,-0.010582,-0.034719,-0.000005,-0.000866,0.000072,-0.000001,0.063924,0.004150,0.063878,0.000013,0.070004,-0.000027,0.965570,0.686303,0.000000,0.000000,0.000000,3121.532974,4661.209823,8015.529031,549.238203,259.058555,466.305399,0.778806,0.001511
58.000000,4478.641101,14693.704399,4478.622018,14693.641790,30.285549,120.000288,13163.611289,27.673884,228.745417,750.477091,0.708938,228.273112,748.927533,0.002927,0.009602,14.691911,48.201808,228.743240,750.469947,0.968814,3.178523,0.240037,0.787524,-0.000005,-0.000610,0.000072,-0.000001,0.063223,0.004223,0.064272,0.000013,0.067258,-0.000027,0.971222,0.681087,0.000000,0.000000,0.000000,3074.496269,4660.369401,8015.147785,549.212080,259.059329,466.306791,0.778816,0.001511
59.000000,4478.298014,14692.578787,4478.278931,14692.516177,30.287611,120.000298,13392.217825,28.649834,228.791543,750.628422,0.709078,228.313172,749.058962,0.002932,0.009619,14.787351,48.514931,228.789002,750.620085,0.985627,3.233683,0.437353,1.434884,-0.000004,-0.000379,0.000072,-0.000001,0.062766,0.004295,0.064678,0.000013,0.065077,-0.000027,0.976745,0.676933,0.000000,0.000000,0.000000,3037.309985,4659.537742,8014.770522,549.186229,259.061555,466.310800,0.778844,0.001511
60.000000,4477.783541,14690.890882,4477.764458,14690.828274,30.289673,120.000308,13620.860494,29.642539,228.819005,750.718520,0.709159,228.334700,749.129594,0.002936,0.009632,14.879570,48.817486,228.816066,750.708877,1.002387,3.288672,0.583289,1.913677,-0.000004,-0.000179,0.000073,-0.000001,0.062524,0.004368,0.065074,0.000013,0.063415,-0.000027,0.981941,0.673765,0.000000,0.000000,0.000000,3009.133726,4658.712884,8014.396350,549.160590,259.064895,466.316811,0.778887,0.001511
61.000000,4477.147356,14688.803660,4477.128274,14688.741056,30.291736,120.000319,13849.522215,30.651947,228.830893,750.757524,0.709190,228.341013,749.150305,0.002939,0.009641,14.965276,49.098673,228.827609,750.746749,1.019100,3.343505,0.681506,2.235912,-0.000004,-0.000011,0.000073,-0.000001,0.062467,0.004441,0.065446,0.000013,0.062221,-0.000027,0.986661,0.671494,0.000000,0.000000,0.000000,2989.038690,4657.893042,8014.024461,549.135108,259.069024,466.324244,0.778940,0.001511
62.000000,4476.434799,14686.465875,4476.415719,14686.403276,30.293799,120.000329,14078.189004,31.678012,228.830175,750.755166,0.709181,228.335245,749.131383,0.002940,0.009646,15.042091,49.350692,228.826644,750.743582,1.035770,3.398195,0.736935,2.417767,-0.000004,0.000124,0.000073,-0.000000,0.062562,0.004514,0.065782,0.000013,0.061439,-0.000027,0.990803,0.670016,0.000000,0.000000,0.000000,2976.036609,4657.076631,8013.654132,549.109732,259.073649,466.332569,0.778999,0.001512
63.000000,4475.685829,14684.008625,4475.666750,14683.946032,30.295861,120.000340,14306.849780,32.720695,228.819638,750.720596,0.709142,228.320303,749.082360,0.002941,0.009648,15.108465,49.568454,228.815971,750.708566,1.052401,3.452760,0.755338,2.478145,-0.000004,0.000226,0.000073,-0.000000,0.062775,0.004586,0.066076,0.000013,0.061011,-0.000027,0.994307,0.669222,0.000000,0.000000,0.000000,2969.109422,4656.262270,8013.284739,549.084421,259.078511,466.341319,0.779061,0.001512
64.000000,4474.934399,14681.543303,4474.915322,14681.480715,30.297924,120.000351,14535.496142,33.779959,228.801848,750.662230,0.709080,228.298820,749.011876,0.002940,0.009647,15.163590,49.749310,228.798144,750.650080,1.069000,3.507218,0.742905,2.437352,-0.000005,0.000299,0.000073,-0.000000,0.063076,0.004659,0.066323,0.000013,0.060879,-0.000027,0.997150,0.669000,0.000000,0.000000,0.000000,2967.238470,4655.448795,8012.915752,549.059137,259.083388,466.350099,0.779124,0.001512
65.000000,4474.208201,14679.160763,4474.189125,14679.098180,30.299986,120.000362,14764.122103,34.855774,228.779108,750.587626,0.709003,228.273123,748.927568,0.002939,0.009644,15.207297,49.892706,228.775444,750.575603,1.085572,3.561589,0.705913,2.315987,-0.000005,0.000344,0.000073,-0.000000,0.063435,0.004732,0.066521,0.000013,0.060985,-0.000027,0.999343,0.669238,0.000000,0.000000,0.000000,2969.431701,4654.635250,8012.546736,549.033851,259.088102,466.358583,0.779184,0.001512
66.000000,4473.528724,14676.931511,4473.509650,14676.868932,30.302048,120.000374,14992.723809,35.948116,228.753433,750.503389,0.708918,228.245214,748.836003,0.002938,0.009639,15.239933,49.999780,228.749853,750.491645,1.102124,3.615892,0.650446,2.134010,-0.000005,0.000366,0.000073,-0.000000,0.063828,0.004805,0.066671,0.000013,0.061274,-0.000027,1.000920,0.669830,0.000000,0.000000,0.000000,2974.748283,4653.820884,8012.177349,549.008540,259.092512,466.366522,0.779241,0.001512
67.000000,4472.911568,14674.906719,4472.892495,14674.844144,30.304110,120.000385,15221.299235,37.056967,228.726531,750.415129,0.708829,228.216761,748.742654,0.002936,0.009634,15.262248,50.072991,228.723055,750.403723,1.118660,3.670144,0.582176,1.910026,-0.000005,0.000367,0.000073,-0.000000,0.064231,0.004878,0.066777,0.000013,0.061696,-0.000027,1.001936,0.670676,0.000000,0.000000,0.000000,2982.319401,4653.005135,8011.807338,548.983186,259.096518,466.373733,0.779292,0.001512
68.000000,4472.366931,14673.119854,4472.347859,14673.057281,30.306172,120.000397,15449.847884,38.182314,228.699804,750.327439,0.708741,228.189101,748.651907,0.002935,0.009628,15.275281,50.115753,228.696426,750.316358,1.135186,3.724363,0.506203,1.660770,-0.000005,0.000352,0.000073,-0.000000,0.064628,0.004951,0.066842,0.000013,0.062207,-0.000027,1.002457,0.671688,0.000000,0.000000,0.000000,2991.364512,4652.187618,8011.436526,548.957778,259.100053,466.380096,0.779337,0.001512
69.000000,4471.900246,14671.588732,4471.881174,14671.526161,30.308233,120.000409,15678.370490,39.324148,228.674349,750.243929,0.708658,228.163257,748.567115,0.002933,0.009621,15.280262,50.132093,228.671051,750.233106,1.151707,3.778565,0.426954,1.400767,-0.000005,0.000325,0.000073,-0.000000,0.065004,0.005024,0.066871,0.000013,0.062765,-0.000027,1.002558,0.672789,0.000000,0.000000,0.000000,3001.203052,4651.368100,8011.064806,548.932307,259.103082,466.385548,0.779376,0.001512
70.000000,4471.512874,14670.317826,4471.493802,14670.255256,30.310294,120.000421,15906.868727,40.482467,228.650985,750.167275,0.708582,228.139957,748.490673,0.002931,0.009615,15.278515,50.126361,228.647736,750.156614,1.168226,3.832762,0.348131,1.142162,-0.000005,0.000289,0.000072,0.000000,0.065348,0.005096,0.066870,0.000013,0.063338,-0.000027,1.002317,0.673913,0.000000,0.000000,0.000000,3011.260767,4650.546478,8010.692133,548.906771,259.105597,466.390074,0.779408,0.001512
71.000000,4471.202846,14669.300675,4471.183774,14669.238104,30.312355,120.000433,16135.344948,41.657271,228.630268,750.099305,0.708515,228.119671,748.424117,0.002929,0.009609,15.271388,50.102979,228.627036,750.088701,1.184748,3.886968,0.272699,0.894682,-0.000005,0.000247,0.000072,0.000000,0.065652,0.005169,0.066845,0.000013,0.063900,-0.000027,1.001810,0.675009,0.000000,0.000000,0.000000,3021.071621,4649.722762,8010.318510,548.881169,259.107609,466.393697,0.779434,0.001512
72.000000,4470.965589,14668.522274,4470.946517,14668.459701,30.314416,120.000446,16363.801947,42.848562,228.612527,750.041099,0.708458,228.102639,748.368240,0.002927,0.009604,15.260189,50.066238,228.609281,750.030449,1.201275,3.941189,0.202907,0.665706,-0.000005,0.000203,0.000072,0.000000,0.065913,0.005242,0.066801,0.000013,0.064428,-0.000027,1.001109,0.676036,0.000000,0.000000,0.000000,3030.275222,4648.897044,8009.943978,548.855506,259.109149,466.396469,0.779454,0.001512
73.000000,4470.794619,14667.961348,4470.775546,14667.898772,30.316477,120.000458,16592.242745,44.056346,228.597895,749.993095,0.708411,228.088915,748.323211,0.002926,0.009599,15.246139,50.020141,228.594608,749.982311,1.217809,3.995435,0.140338,0.460426,-0.000005,0.000158,0.000072,0.000000,0.066130,0.005315,0.066744,0.000013,0.064908,-0.000027,1.000281,0.676965,0.000000,0.000000,0.000000,3038.610421,4648.069484,8009.568609,548.829785,259.110259,466.398466,0.779468,0.001512
74.000000,4470.682175,14667.592436,4470.663100,14667.529857,30.318537,120.000471,16820.670425,45.280632,228.586347,749.955206,0.708375,228.078396,748.288701,0.002925,0.009595,15.230336,49.968294,228.582998,749.944219,1.234351,4.049708,0.085973,0.282065,-0.000005,0.000114,0.000072,0.000000,0.066302,0.005387,0.066678,0.000013,0.065329,-0.000027,0.999383,0.677778,0.000000,0.000000,0.000000,3045.906420,4647.240285,8009.192497,548.804013,259.110989,466.399780,0.779477,0.001512
75.000000,4470.619782,14667.387735,4470.600706,14667.325152,30.320598,120.000484,17049.087978,46.521428,228.577730,749.926935,0.708347,228.070868,748.264003,0.002924,0.009592,15.213736,49.913832,228.574304,749.915694,1.250903,4.104013,0.040273,0.132128,-0.000005,0.000073,0.000072,0.000000,0.066431,0.005460,0.066608,0.000013,0.065686,-0.000027,0.998466,0.678465,0.000000,0.000000,0.000000,3052.071470,4646.409676,8008.815744,548.778197,259.111394,466.400509,0.779482,0.001512
76.000000,4470.598733,14667.318677,4470.579656,14667.256089,30.322658,120.000497,17277.498206,47.778743,228.571800,749.907482,0.708329,228.066032,748.248136,0.002923,0.009589,15.197140,49.859382,228.568286,749.895952,1.267465,4.158350,0.003257,0.010687,-0.000005,0.000037,0.000072,0.000000,0.066522,0.005532,0.066536,0.000013,0.065977,-0.000027,0.997571,0.679022,0.000000,0.000000,0.000000,3057.080786,4645.577899,8008.438460,548.752345,259.111530,466.400755,0.779484,0.001512
77.000000,4470.610483,14667.357226,4470.591404,14667.294632,30.324719,120.000510,17505.903633,49.052587,228.568251,749.895836,0.708318,228.063537,748.239949,0.002922,0.009587,15.181190,49.807053,228.564643,749.883998,1.284037,4.212719,-0.025404,-0.083347,-0.000005,0.000005,0.000072,0.000000,0.066579,0.005605,0.066468,0.000013,0.066204,-0.000027,0.996728,0.679454,0.000000,0.000000,0.000000,3060.963764,4644.745194,8008.060755,548.726464,259.111454,466.400617,0.779483,0.001512
78.000000,4470.646958,14667.476897,4470.627878,14667.414297,30.326779,120.000523,17734.306464,50.342968,228.566737,749.890869,0.708314,228.063005,748.238205,0.002922,0.009586,15.166376,49.758452,228.563032,749.878713,1.300618,4.267119,-0.046313,-0.151944,-0.000005,-0.000022,0.000072,0.000000,0.066606,0.005678,0.066403,0.000013,0.066370,-0.000027,0.995962,0.679769,0.000000,0.000000,0.000000,3063.791570,4643.911791,8007.682732,548.700561,259.111217,466.400191,0.779480,0.001512
79.000000,4470.700790,14667.653509,4470.681707,14667.590904,30.328839,120.000537,17962.708551,51.649896,228.566900,749.891405,0.708315,228.064055,748.241650,0.002922,0.009586,15.153046,49.714717,228.563097,749.878927,1.317207,4.321546,-0.060260,-0.197703,-0.000005,-0.000044,0.000072,0.000000,0.066608,0.005750,0.066345,0.000013,0.066482,-0.000027,0.995287,0.679977,0.000000,0.000000,0.000000,3065.665452,4643.077901,8007.304487,548.674643,259.110868,466.399562,0.779476,0.001512
80.000000,4470.765465,14667.865700,4470.746381,14667.803088,30.330900,120.000551,18191.111390,52.973378,228.568386,749.896280,0.708320,228.066316,748.249069,0.002922,0.009585,15.141416,49.676561,228.564484,749.883479,1.333805,4.375999,-0.068160,-0.223622,-0.000005,-0.000061,0.000072,0.000000,0.066591,0.005823,0.066293,0.000013,0.066545,-0.000027,0.994713,0.680093,0.000000,0.000000,0.000000,3066.706166,4642.243709,8006.926105,548.648716,259.110448,466.398807,0.779470,0.001512
81.000000,4470.835422,14668.095217,4470.816336,14668.032599,30.332960,120.000565,18419.516133,54.313421,228.570858,749.904389,0.708328,228.069445,748.259335,0.002922,0.009586,15.131591,49.644328,228.566857,749.891265,1.350408,4.430474,-0.070987,-0.232895,-0.000005,-0.000073,0.000072,0.000000,0.066560,0.005895,0.066249,0.000013,0.066567,-0.000027,0.994243,0.680132,0.000000,0.000000,0.000000,3067.044761,4641.409378,8006.547659,548.622784,259.109994,466.397989,0.779464,0.001512
82.000000,4470.906079,14668.327029,4470.886991,14668.264406,30.335020,120.000579,18647.923608,55.670031,228.574006,749.914719,0.708338,228.073132,748.271431,0.002922,0.009587,15.123581,49.618049,228.569908,749.901273,1.367018,4.484966,-0.069721,-0.228745,-0.000005,-0.000081,0.000072,0.000000,0.066518,0.005968,0.066213,0.000013,0.066556,-0.000027,0.993874,0.680106,0.000000,0.000000,0.000000,3066.814842,4640.575040,8006.169209,548.596852,259.109535,466.397164,0.779458,0.001512
83.000000,4470.973822,14668.549284,4470.954732,14668.486654,30.337081,120.000593,18876.334351,57.043212,228.577559,749.926375,0.708350,228.077108,748.284475,0.002922,0.009588,15.117321,49.597508,228.573362,749.912605,1.383632,4.539474,-0.065313,-0.214283,-0.000005,-0.000086,0.000072,0.000000,0.066471,0.006040,0.066185,0.000013,0.066519,-0.000027,0.993601,0.680032,0.000000,0.000000,0.000000,3066.146376,4639.740799,8005.790803,548.570923,259.109096,466.396372,0.779453,0.001512
84.000000,4471.035957,14668.753139,4471.016866,14668.690504,30.339141,120.000608,19104.748647,58.432969,228.581283,749.938593,0.708362,228.081147,748.297727,0.002923,0.009589,15.112683,49.582294,228.576987,749.924497,1.400249,4.593994,-0.058646,-0.192407,-0.000005,-0.000087,0.000072,0.000000,0.066420,0.006113,0.066163,0.000013,0.066463,-0.000027,0.993415,0.679923,0.000000,0.000000,0.000000,3065.160811,4638.906734,8005.412477,548.544999,259.108692,466.395646,0.779448,0.001512
85.000000,4471.090629,14668.932510,4471.071536,14668.869869,30.341202,120.000622,19333.166566,59.839303,228.584986,749.950740,0.708374,228.085069,748.310593,0.002923,0.009590,15.109503,49.571859,228.580589,749.936315,1.416869,4.648521,-0.050512,-0.165723,-0.000005,-0.000086,0.000072,0.000000,0.066369,0.006186,0.066148,0.000013,0.066395,-0.000027,0.993306,0.679791,0.000000,0.000000,0.000000,3063.967839,4638.072900,8005.034255,548.519083,259.108338,466.395008,0.779443,0.001512
86.000000,4471.136728,14669.083753,4471.117633,14669.021106,30.343262,120.000637,19561.588006,61.262217,228.588515,749.962321,0.708385,228.088733,748.322616,0.002923,0.009591,15.107585,49.565568,228.584017,749.947562,1.433491,4.703055,-0.041604,-0.136496,-0.000005,-0.000083,0.000072,0.000000,0.066321,0.006258,0.066139,0.000013,0.066320,-0.000027,0.993263,0.679646,0.000000,0.000000,0.000000,3062.663080,4637.239330,8004.656153,548.493175,259.108038,466.394469,0.779439,0.001512
87.000000,4471.173777,14669.205305,4471.154680,14669.142652,30.345323,120.000652,19790.012736,62.701711,228.591760,749.972965,0.708396,228.092042,748.333470,0.002924,0.009593,15.106724,49.562744,228.587158,749.957867,1.450114,4.757593,-0.032501,-0.106629,-0.000005,-0.000078,0.000072,-0.000000,0.066276,0.006331,0.066134,0.000013,0.066242,-0.000027,0.993274,0.679497,0.000000,0.000000,0.000000,3061.326969,4636.406037,8004.278177,548.467275,259.107798,466.394036,0.779436,0.001512
88.000000,4471.201824,14669.297322,4471.182726,14669.234664,30.347383,120.000667,20018.440426,64.157787,228.594642,749.982420,0.708405,228.094931,748.342949,0.002924,0.009594,15.106711,49.562700,228.589935,749.966978,1.466738,4.812132,-0.023668,-0.077652,-0.000005,-0.000073,0.000072,-0.000000,0.066237,0.006404,0.066133,0.000013,0.066166,-0.000027,0.993326,0.679352,0.000000,0.000000,0.000000,3060.024486,4635.573022,8003.900327,548.441384,259.107616,466.393709,0.779434,0.001512
89.000000,4471.221327,14669.361310,4471.202227,14669.298646,30.349444,120.000683,20246.870688,65.630444,228.597115,749.990534,0.708413,228.097368,748.350943,0.002925,0.009595,15.107343,49.564775,228.592302,749.974743,1.483362,4.866672,-0.015464,-0.050735,-0.000005,-0.000067,0.000072,-0.000000,0.066203,0.006476,0.066135,0.000013,0.066095,-0.000027,0.993409,0.679217,0.000000,0.000000,0.000000,3058.805597,4634.740271,8003.522596,548.415501,259.107489,466.393481,0.779432,0.001512
90.000000,4471.233051,14669.399773,4471.213950,14669.337105,30.351504,120.000698,20475.303101,67.119682,228.599161,749.997246,0.708419,228.099346,748.357433,0.002925,0.009596,15.108434,49.568351,228.594239,749.981100,1.499985,4.921211,-0.008143,-0.026717,-0.000005,-0.000061,0.000072,-0.000000,0.066175,0.006549,0.066140,0.000013,0.066030,-0.000027,0.993514,0.679094,0.000000,0.000000,0.000000,3057.706233,4633.907764,8003.144976,548.389626,259.107413,466.393344,0.779431,0.001512
91.000000,4471.237967,14669.415902,4471.218864,14669.353228,30.353565,120.000714,20703.737236,68.625501,228.600782,750.002565,0.708424,228.100879,748.362464,0.002925,0.009597,15.109812,49.572876,228.595751,749.986060,1.516608,4.975749,-0.001869,-0.006132,-0.000005,-0.000055,0.000072,-0.000000,0.066153,0.006622,0.066145,0.000013,0.065973,-0.000027,0.993630,0.678988,0.000000,0.000000,0.000000,3056.749656,4633.075471,8002.767454,548.363758,259.107381,466.393286,0.779431,0.001512
92.000000,4471.237169,14669.413285,4471.218065,14669.350606,30.355625,120.000730,20932.172677,70.147898,228.602000,750.006560,0.708428,228.101999,748.366137,0.002926,0.009598,15.111334,49.577867,228.596858,749.989691,1.533231,5.030286,0.003276,0.010749,-0.000005,-0.000049,0.000072,-0.000000,0.066137,0.006694,0.066151,0.000013,0.065925,-0.000027,0.993750,0.678898,0.000000,0.000000,0.000000,3055.948103,4632.243362,8002.390015,548.337895,259.107386,466.393296,0.779431,0.001512
93.000000,4471.231800,14669.395668,4471.212694,14669.332984,30.357686,120.000746,21160.609035,71.686875,228.602847,750.009341,0.708431,228.102746,748.368589,0.002926,0.009599,15.112875,49.582923,228.597593,749.992104,1.549854,5.084822,0.007277,0.023875,-0.000005,-0.000045,0.000072,-0.000000,0.066126,0.006767,0.066158,0.000013,0.065886,-0.000027,0.993868,0.678826,0.000000,0.000000,0.000000,3055.304433,4631.411404,8002.012644,548.312037,259.107421,466.393358,0.779431,0.001512
94.000000,4471.222987,14669.366756,4471.203880,14669.304067,30.359747,120.000762,21389.045961,73.242430,228.603367,750.011047,0.708432,228.103170,748.369981,0.002926,0.009600,15.114337,49.587721,228.598000,749.993438,1.566476,5.139356,0.010172,0.033373,-0.000005,-0.000040,0.000072,-0.000000,0.066120,0.006840,0.066164,0.000013,0.065856,-0.000027,0.993980,0.678771,0.000000,0.000000,0.000000,3054.814076,4630.579563,8001.635328,548.286182,259.107478,466.393461,0.779432,0.001512
95.000000,4471.211801,14669.330054,4471.192692,14669.267361,30.361807,120.000778,21617.483149,74.814562,228.603608,750.011836,0.708433,228.103324,748.370487,0.002926,0.009601,15.115647,49.592016,228.598126,749.993851,1.583098,5.193890,0.012042,0.039506,-0.000005,-0.000037,0.000072,-0.000000,0.066117,0.006912,0.066170,0.000013,0.065834,-0.000027,0.994081,0.678733,0.000000,0.000000,0.000000,3054.466656,4629.747810,8001.258050,548.260331,259.107551,466.393592,0.779433,0.001512
96.000000,4471.199213,14669.288755,4471.180102,14669.226056,30.363868,120.000795,21845.920343,76.403271,228.603618,750.011870,0.708433,228.103262,748.370282,0.002926,0.009601,15.116749,49.595635,228.598020,749.993505,1.599719,5.248423,0.012995,0.042635,-0.000005,-0.000034,0.000072,-0.000000,0.066118,0.006985,0.066175,0.000013,0.065820,-0.000027,0.994169,0.678708,0.000000,0.000000,0.000000,3054.247651,4628.916115,8000.880800,548.234481,259.107633,466.393739,0.779434,0.001512
97.000000,4471.186076,14669.245656,4471.166964,14669.182953,30.365928,120.000811,22074.357338,78.008556,228.603448,750.011314,0.708432,228.103035,748.369536,0.002927,0.009602,15.117613,49.598469,228.597734,749.992565,1.616341,5.302957,0.013161,0.043179,-0.000005,-0.000032,0.000072,-0.000000,0.066121,0.007058,0.066179,0.000013,0.065812,-0.000027,0.994243,0.678696,0.000000,0.000000,0.000000,3054.139862,4628.084454,8000.503565,548.208632,259.107718,466.393893,0.779435,0.001512
98.000000,4471.173110,14669.203117,4471.153996,14669.140408,30.367989,120.000828,22302.793977,79.630418,228.603146,750.010320,0.708431,228.102691,748.368408,0.002927,0.009602,15.118222,49.600465,228.597313,749.991184,1.632964,5.357493,0.012677,0.041593,-0.000005,-0.000030,0.000072,-0.000000,0.066126,0.007130,0.066181,0.000013,0.065809,-0.000027,0.994303,0.678694,0.000000,0.000000,0.000000,3054.124706,4627.252805,8000.126335,548.182783,259.107802,466.394044,0.779436,0.001512
99.000000,4471.160894,14669.163039,4471.141779,14669.100325,30.370050,120.000845,22531.230146,81.268857,228.602753,750.009031,0.708430,228.102273,748.367039,0.002927,0.009603,15.118574,49.601620,228.596800,749.989503,1.649587,5.412030,0.011683,0.038331,-0.000005,-0.000030,0.000072,-0.000000,0.066132,0.007203,0.066183,0.000013,0.065811,-0.000027,0.994348,0.678700,0.000000,0.000000,0.000000,3054.183298,4626.421151,7999.749103,548.156935,259.107882,466.394187,0.779437,0.001512
100.000000,4471.149871,14669.126875,4471.130755,14669.064157,30.372110,120.000863,22759.665774,82.923873,228.602307,750.007570,0.708428,228.101820,748.365553,0.002927,0.009603,15.118679,49.601966,228.596235,749.987647,1.666210,5.466570,0.010313,0.033836,-0.000005,-0.000029,0.000072,-0.000000,0.066138,0.007276,0.066184,0.000013,0.065816,-0.000027,0.994380,0.678713,0.000000,0.000000,0.000000,3054.297331,4625.589478,7999.371863,548.131086,259.107953,466.394316,0.779438,0.001512
101.000000,4471.140354,14669.095651,4471.121236,14669.032928,30.374171,120.000880,22988.100824,84.595466,228.601843,750.006046,0.708427,228.101363,748.364051,0.002927,0.009603,15.118557,49.601564,228.595649,749.985723,1.682835,5.521113,0.008692,0.028516,-0.000005,-0.000029,0.000072,-0.000000,0.066145,0.007349,0.066183,0.000013,0.065823,-0.000027,0.994399,0.678730,0.000000,0.000000,0.000000,3054.449752,4624.757776,7998.994609,548.105236,259.108015,466.394427,0.779439,0.001512
102.000000,4471.132537,14669.070005,4471.113418,14669.007277,30.376231,120.000898,23216.535290,86.283638,228.601385,750.004544,0.708425,228.100926,748.362617,0.002927,0.009604,15.118231,49.600496,228.595068,749.983818,1.699461,5.575659,0.006930,0.022737,-0.000005,-0.000030,0.000072,-0.000000,0.066152,0.007421,0.066182,0.000013,0.065832,-0.000027,0.994407,0.678749,0.000000,0.000000,0.000000,3054.625249,4623.926040,7998.617340,548.079384,259.108066,466.394518,0.779440,0.001512
103.000000,4471.126511,14669.050234,4471.107390,14668.987501,30.378292,120.000915,23444.969187,87.988389,228.600955,750.003132,0.708424,228.100528,748.361311,0.002927,0.009604,15.117732,49.598858,228.594513,749.981999,1.716088,5.630210,0.005125,0.016814,-0.000005,-0.000031,0.000072,-0.000000,0.066157,0.007494,0.066180,0.000013,0.065842,-0.000027,0.994407,0.678770,0.000000,0.000000,0.000000,3054.810563,4623.094266,7998.240054,548.053532,259.108105,466.394588,0.779440,0.001512
104.000000,4471.122279,14669.036347,4471.103156,14668.973609,30.380353,120.000933,23673.402550,89.709720,228.600567,750.001861,0.708423,228.100182,748.360177,0.002927,0.009604,15.117089,49.596749,228.594000,749.980316,1.732717,5.684766,0.003355,0.011007,-0.000005,-0.000031,0.000072,-0.000000,0.066162,0.007567,0.066177,0.000013,0.065851,-0.000027,0.994399,0.678790,0.000000,0.000000,0.000000,3054.994651,4622.262453,7997.862750,548.027679,259.108132,466.394638,0.779440,0.001512
105.000000,4471.119771,14669.028122,4471.100647,14668.965378,30.382413,120.000951,23901.835426,91.447632,228.600233,750.000763,0.708422,228.099897,748.359241,0.002928,0.009605,15.116334,49.594272,228.593539,749.978803,1.749347,5.739326,0.001683,0.005523,-0.000005,-0.000032,0.000072,0.000000,0.066167,0.007640,0.066174,0.000013,0.065860,-0.000027,0.994386,0.678810,0.000000,0.000000,0.000000,3055.168717,4621.430602,7997.485429,548.001824,259.108148,466.394667,0.779441,0.001512
106.000000,4471.118867,14669.025153,4471.099741,14668.962405,30.384474,120.000970,24130.267869,93.202126,228.599956,749.999857,0.708421,228.099675,748.358515,0.002928,0.009605,15.115496,49.591523,228.593135,749.977478,1.765978,5.793892,0.000157,0.000514,-0.000005,-0.000033,0.000072,0.000000,0.066170,0.007712,0.066170,0.000013,0.065868,-0.000027,0.994369,0.678827,0.000000,0.000000,0.000000,3055.326147,4620.598717,7997.108092,547.975968,259.108154,466.394678,0.779441,0.001512
107.000000,4471.119402,14669.026909,4471.100275,14668.964156,30.386534,120.000988,24358.699939,94.973204,228.599741,749.999149,0.708420,228.099518,748.357999,0.002928,0.009606,15.114603,49.588592,228.592790,749.976346,1.782611,5.848462,-0.001193,-0.003914,-0.000005,-0.000034,0.000072,0.000000,0.066172,0.007785,0.066166,0.000013,0.065875,-0.000027,0.994349,0.678842,0.000000,0.000000,0.000000,3055.462381,4619.766801,7996.730742,547.950111,259.108151,466.394672,0.779441,0.001512
108.000000,4471.121191,14669.032777,4471.102062,14668.970019,30.388595,120.001007,24587.131692,96.760867,228.599584,749.998634,0.708420,228.099422,748.357684,0.002928,0.009606,15.113679,49.585561,228.592503,749.975403,1.799246,5.903039,-0.002348,-0.007702,-0.000005,-0.000035,0.000072,0.000000,0.066173,0.007858,0.066162,0.000013,0.065881,-0.000027,0.994328,0.678855,0.000000,0.000000,0.000000,3055.574603,4618.934859,7996.353379,547.924254,259.108139,466.394651,0.779441,0.001512
109.000000,4471.124033,14669.042103,4471.104903,14668.979339,30.390655,120.001026,24815.563186,98.565115,228.599482,749.998301,0.708419,228.099382,748.357554,0.002928,0.009606,15.112745,49.582497,228.592270,749.974639,1.815883,5.957620,-0.003300,-0.010827,-0.000005,-0.000036,0.000072,0.000000,0.066173,0.007931,0.066158,0.000013,0.065885,-0.000027,0.994307,0.678865,0.000000,0.000000,0.000000,3055.661661,4618.102896,7995.976007,547.898396,259.108121,466.394617,0.779440,0.001512
110.000000,4471.127727,14669.054224,4471.108596,14668.991455,30.392716,120.001045,25043.994472,100.385952,228.599431,749.998132,0.708419,228.099392,748.357585,0.002928,0.009607,15.111819,49.579457,228.592085,749.974034,1.832521,6.012207,-0.004053,-0.013298,-0.000005,-0.000037,0.000072,0.000000,0.066172,0.008004,0.066154,0.000013,0.065887,-0.000027,0.994287,0.678872,0.000000,0.000000,0.000000,3055.723688,4617.270918,7995.598628,547.872537,259.108097,466.394574,0.779440,0.001512
111.000000,4471.132080,14669.068502,4471.112946,14669.005728,30.394777,120.001064,25272.425595,102.223377,228.599422,749.998104,0.708419,228.099443,748.357754,0.002928,0.009607,15.110913,49.576488,228.591943,749.973566,1.849160,6.066799,-0.004617,-0.015149,-0.000005,-0.000038,0.000072,0.000000,0.066171,0.008076,0.066150,0.000013,0.065889,-0.000027,0.994268,0.678876,0.000000,0.000000,0.000000,3055.761866,4616.438929,7995.221245,547.846678,259.108069,466.394523,0.779440,0.001512
112.000000,4471.136908,14669.084343,4471.117773,14669.021564,30.396837,120.001083,25500.856594,104.077392,228.599450,749.998195,0.708419,228.099529,748.358035,0.002928,0.009608,15.110040,49.573621,228.591835,749.973213,1.865802,6.121396,-0.005008,-0.016432,-0.000005,-0.000038,0.000072,0.000000,0.066168,0.008149,0.066147,0.000013,0.065889,-0.000027,0.994251,0.678878,0.000000,0.000000,0.000000,3055.778165,4615.606935,7994.843859,547.820819,259.108037,466.394467,0.779439,0.001512
113.000000,4471.142049,14669.101209,4471.122912,14669.038425,30.398898,120.001102,25729.287499,105.947998,228.599506,749.998378,0.708419,228.099640,748.358400,0.002929,0.009608,15.109204,49.570880,228.591755,749.972949,1.882444,6.175999,-0.005246,-0.017213,-0.000005,-0.000039,0.000072,-0.000000,0.066166,0.008222,0.066143,0.000013,0.065888,-0.000027,0.994237,0.678878,0.000000,0.000000,0.000000,3055.775107,4614.774940,7994.466472,547.794960,259.108004,466.394407,0.779439,0.001512
114.000000,4471.147360,14669.118635,4471.128222,14669.055846,30.400958,120.001122,25957.718334,107.835196,228.599583,749.998631,0.708420,228.099770,748.358826,0.002929,0.009609,15.108411,49.568277,228.591694,749.972751,1.899089,6.230606,-0.005353,-0.017564,-0.000005,-0.000039,0.000072,-0.000000,0.066163,0.008295,0.066139,0.000013,0.065886,-0.000027,0.994225,0.678876,0.000000,0.000000,0.000000,3055.755543,4613.942947,7994.089086,547.769101,259.107969,466.394345,0.779438,0.001512
115.000000,4471.152723,14669.136229,4471.133583,14669.073434,30.403019,120.001142,26186.149115,109.738988,228.599674,749.998932,0.708420,228.099912,748.359290,0.002929,0.009609,15.107661,49.565818,228.591647,749.972595,1.915735,6.285219,-0.005353,-0.017561,-0.000005,-0.000039,0.000072,-0.000000,0.066159,0.008368,0.066136,0.000013,0.065883,-0.000027,0.994215,0.678872,0.000000,0.000000,0.000000,3055.722469,4613.110960,7993.711703,547.743242,259.107935,466.394282,0.779438,0.001512
116.000000,4471.158040,14669.153675,4471.138899,14669.090875,30.405079,120.001162,26414.579853,111.659374,228.599774,749.999259,0.708420,228.100058,748.359772,0.002929,0.009610,15.106955,49.563500,228.591607,749.972463,1.932382,6.339836,-0.005267,-0.017281,-0.000005,-0.000040,0.000072,-0.000000,0.066156,0.008440,0.066133,0.000013,0.065879,-0.000027,0.994208,0.678867,0.000000,0.000000,0.000000,3055.678870,4612.278981,7993.334324,547.717383,259.107900,466.394220,0.779438,0.001512
117.000000,4471.163239,14669.170731,4471.144096,14669.107927,30.407140,120.001182,26643.010552,113.596356,228.599877,749.999595,0.708421,228.100205,748.360254,0.002929,0.009610,15.106289,49.561315,228.591568,749.972335,1.949031,6.394457,-0.005119,-0.016793,-0.000005,-0.000040,0.000072,-0.000000,0.066152,0.008513,0.066130,0.000013,0.065876,-0.000027,0.994203,0.678862,0.000000,0.000000,0.000000,3055.627591,4611.447013,7992.956949,547.691524,259.107866,466.394159,0.779437,0.001512
118.000000,4471.168266,14669.187225,4471.149122,14669.124415,30.409200,120.001203,26871.441211,115.549934,228.599978,749.999927,0.708421,228.100348,748.360722,0.002929,0.009611,15.105660,49.559253,228.591526,749.972199,1.965681,6.449083,-0.004927,-0.016165,-0.000005,-0.000040,0.000072,-0.000000,0.066149,0.008586,0.066127,0.000013,0.065871,-0.000027,0.994199,0.678856,0.000000,0.000000,0.000000,3055.571247,4610.615055,7992.579580,547.665666,259.107834,466.394101,0.779437,0.001512
119.000000,4471.173088,14669.203044,4471.153942,14669.140229,30.411261,120.001223,27099.871825,117.520111,228.600073,750.000241,0.708422,228.100483,748.361166,0.002930,0.009611,15.105065,49.557299,228.591478,749.972041,1.982332,6.503714,-0.004710,-0.015454,-0.000005,-0.000040,0.000073,-0.000000,0.066145,0.008659,0.066125,0.000013,0.065867,-0.000027,0.994198,0.678849,0.000000,0.000000,0.000000,3055.512156,4609.783110,7992.202216,547.639809,259.107802,466.394044,0.779436,0.001512
