Time,P (deg/s),Q (deg/s),R (deg/s),P dot (deg/s^2),Q dot (deg/s^2),R dot (deg/s^2),P_{inertial} (deg/s),Q_{inertial} (deg/s),R_{inertial} (deg/s),q bar (psf),Reynolds Number,V_{Total} (ft/s),V_{Inertial} (ft/s),UBody,VBody,WBody,UdotBody,VdotBody,WdotBody,UdotBody_i,VdotBody_i,WdotBody_i,BodyAccel_X,BodyAccel_Y,BodyAccel_Z,Aero V_{X Body} (ft/s),Aero V_{Y Body} (ft/s),Aero V_{Z Body} (ft/s),V_{X_{inertial}} (ft/s),V_{Y_{inertial}} (ft/s),V_{Z_{inertial}} (ft/s),V_{X_{ecef}} (ft/s),V_{Y_{ecef}} (ft/s),V_{Z_{ecef}} (ft/s),V_{North} (ft/s),V_{East} (ft/s),V_{Down} (ft/s),I_{xx},I_{xy},I_{xz},I_{yx},I_{yy},I_{yz},I_{zx},I_{zy},I_{zz},Mass,Weight,X_{cg},Y_{cg},Z_{cg},Altitude ASL (ft),Altitude AGL (ft),Phi (deg),Theta (deg),Psi (deg),Q(1)_{LOCAL},Q(2)_{LOCAL},Q(3)_{LOCAL},Q(4)_{LOCAL},Q(1)_{ECEF},Q(2)_{ECEF},Q(3)_{ECEF},Q(4)_{ECEF},Q(1)_{ECI},Q(2)_{ECI},Q(3)_{ECI},Q(4)_{ECI},Alpha (deg),Beta (deg),Latitude (deg),Latitude Geodetic (deg),Longitude (deg),X_{ECI} (ft),Y_{ECI} (ft),Z_{ECI} (ft),X_{ECEF} (ft),Y_{ECEF} (ft),Z_{ECEF} (ft),Earth Position Angle (deg),Distance AGL (ft),Terrain Elevation (ft),navigation/actual-heading-rad,propulsion/tank[0]/contents-volume-gal,propulsion/tank[1]/contents-volume-gal,systems/mixture-cmd-norm,guidance/wp-heading-rad,guidance/wp-distance,guidance/wp-heading-deg,guidance/selected_target_heading,guidance/angle-to-heading-rad,ap/roll-control-autopilot-on,ap/roll-autopilot-windup-trigger,ap/limited-roll-angle-rad,ap/roll-attitude-selector,ap/limited-roll-angle-error,ap/roll-rate-pid-control,ap/total-limited-roll-rate,ap/roll-rate-saturation,ap/limited-roll-rate-error,ap/roll-command-pid-control,ap/roll-cmd-smoother,ap/roll-cmd-norm-output,ap/roll-command-selector-steering,fcs/attitude/sensor/phi-rad,fcs/wing-leveler-ap-on-off,fcs/roll-ap-error-pid,fcs/roll-ap-autoswitch,fcs/heading-true-degrees,fcs/heading-error,fcs/heading-error-bias-switch,fcs/heading-corrected,fcs/heading-command,fcs/heading-roll-error-lag,fcs/heading-roll-error,fcs/heading-roll-error-switch,fcs/heading-pi-controller,fcs/roll-command-selector,fcs/altitude-error,fcs/alt-error-lag,fcs/hdot-command,fcs/hdot-error,fcs/ap-alt-hold-switch,fcs/windup-trigger,fcs/altitude-hold-pid,fcs/elevator,fcs/pitch-trim-sum,fcs/elevator-control,fcs/elevator-actuator,fcs/roll-trim-sum,fcs/left-aileron-control,fcs/left-aileron-actuator,fcs/right-aileron-control,fcs/right-aileron-actuator,fcs/delta-aileron-pos,fcs/effective-aileron-pos,fcs/yaw-trim-sum,fcs/rudder-control,fcs/flaps-control,fcs/flap-position-normalizer,IO320 Power Available (engine 0 in ft-lbs/sec),IO320 HP (engine 0),IO320 equivalent ratio (engine 0),IO320 MAP (engine 0 in inHg),Fixed-Pitch 75-inch Two-Blade Propeller Torque (engine 0),Fixed-Pitch 75-inch Two-Blade Propeller PFactor Pitch (engine 0),Fixed-Pitch 75-inch Two-Blade Propeller PFactor Yaw (engine 0),Fixed-Pitch 75-inch Two-Blade Propeller Thrust (engine 0 in lbs),Fixed-Pitch 75-inch Two-Blade Propeller RPM (engine 0),Fuel Tank 0,Fuel Tank 1,/fdm/jsbsim/position/vrp-gc-latitude_deg,/fdm/jsbsim/position/vrp-longitude_deg,/fdm/jsbsim/position/vrp-radius-ft,velocities/pi-deg_sec
0,0,0,0,878.1735276534943,-21237.03287566285,-0.001163682511411853,0.004178074132240403,0,9.277188200408133e-19,0,0,0,1525.92219455,0,0,0,-0.001995097474354633,-0.0002851831002596594,-1297.997856868937,1297.8865848677,-0.0002851831002596594,-0.001995097474642847,-0.001995097474347508,-0.0002851831002596594,-1330.085395081775,0,0,0,0,1525.922194545818,0,0,0,0,0,0,0, 2095.734879,-10.78165492, 13.55483334,-10.78165492, 1505.011878, 3.979907608, 13.55483334, 3.979907608, 3150.439301,77.08075536,2480,45.48951612903226,4.22741935483871,35.42701612903226,0,0,0,1.272221872585407e-14,0,1,0,1.110223024625157e-16,0,0.7071067811865476,0,-0.7071067811865475,0,0.7071067811865476,0,-0.7071067811865475,0,0,0,0,0,0,20925646.32546,0,0,20925646.32546,0,0,0,0,0,0.003,19.6969697,19.6969697,0.999635333,3.14159265,0,180.013259,3.14159265,3.13859265,0,1,0.523,0,0,0,0.348,0,0,0,0,0,0,0,-1,0,0,0,0,0,0,0,0,0,0,0,0,0,0,0,0,0,0,0,-0,0,0,0.002,0,0,0,0,0,0,0,0,0,0,0,-825,-1.5,1.29953,29.9213,0,-0,-0,0,0,130,130,6.59306903546138079e-07,-9.64579064579641711e-07,20925646.5815419964,0.00417807413224040303
0.1,13.04209256753519,-220.400533128406,-0.5349103338492491,-9.082107044662671,146.6035339338466,-2.129350372393517,13.04605875256501,-220.4005457312472,-0.5362239247034274,0.9376939904,875369.7051,28.0900689127,1526.60529145,-6.911433425084997,-0.2366581807240086,-27.22550371317327,-72.85374485297902,-5.523549606999278,51.63938638436781,-33.87332117233442,0.02023015228475104,22.3943823173942,21.78501038043878,-0.007926428753062632,-5.452160447142318,-6.911433425084997,-0.2366581807240086,-27.22550371317327,28.00446486906349,1526.34709937304,1.999517288100152,28.01559683023105,0.4245425543266713,1.999517288100152,1.999517168607709,0.424542523788233,-28.01559683922218, 2095.734879,-10.78165492, 13.55483334,-10.78165492, 1505.011878, 3.979907608, 13.55483334, 3.979907608, 3150.439301,77.08075536,2480,45.48951612903226,4.22741935483871,35.42701612903226,2.1670055277646,2.1670055281492,1.411368154676939,-18.3235981410317,359.7290841548011,0.9871696413064875,0.01178263911423609,-0.1592392216008419,-0.0003728300987273102,-0.5854352123913277,-0.008595215133601014,0.8106334822179495,-0.008067953664317081,0.5854351829712133,0.008598170749831468,-0.8106334508739128,0.008070088194710355,-104.24414073185,-0.48272132758348,2.4274264645944e-07,2.4437860956843e-07,6.2455340160717e-08,20925648.491909,152.6150452860697,0.08865482479003844,20925648.49246553,0.02281003078738308,0.08865482479003844,0.00041780741322404,2.1670055281492,0,6.28145693,19.6969697,19.6969697,0.999557054,-2.88976434,0.0915421964,-165.583497,-2.88976434,-2.88803597,0,1,-0.523,0,-0.0246330213,-0.174,0.348,0,-0.416048778,-1.04012195,-1.10510222,0,0,0,-1,5.89010444,0,359.755582,-359.755582,360,0.2444177,0.00426508886,4.43311759e-05,-0.0245886901,0,0,0,-2.16700553,-0.0863374384,-0.0103586217,-28.0259555,0,0,0,-0,0,0,0.002,0,0,0,0,0,0,0,0,0,0,0,-825,-1.5,1.29954,29.9221,0,-0,-0,0,0,130,130,1.09197089756059105e-06,-8.88586916064488246e-07,20925648.6680250801,13.046058752565008
0.2,12.38036338870791,-206.3585055496358,-0.7792479030613526,-4.261541754475773,134.4478469537543,-2.996023089869372,12.38357767365207,-206.358558801594,-0.7819165806329537,0.7338422271,774375.6862,24.8507936654,1526.5543064,-12.50200845590029,-0.6814062063436304,-21.46619239530494,-39.62461763758313,-3.42354319800465,59.8936388834673,-35.54239826136678,0.1074531124805413,19.56868311315844,17.18796928596397,0.002831546501011078,-9.934707527760031,-12.50200845590029,-0.6814062063436304,-21.46619239530494,24.48391134695303,1526.352437592309,4.101797697667515,24.50617677074483,0.4295364130196051,4.101797697667516,4.101797230828486,0.4295363367127872,-24.50617685022094, 2095.734879,-10.78165492, 13.55483334,-10.78165492, 1505.011878, 3.979907608, 13.55483334, 3.979907608, 3150.439301,77.08075536,2480,45.48951612903226,4.22741935483871,35.42701612903226,4.7913691699505,4.7913691693459,3.216842973230702,-39.68849539538919,358.675371655819,0.9402956096946506,0.02247763039356105,-0.3396131980760138,-0.00134097480883521,-0.4247465979513936,-0.01684229852369637,0.9050322012944845,-0.0149458733172693,0.4247464889530737,0.01684889812213906,-0.9050320784544442,0.01494897061791002,-120.21671705001,-1.5712413130311,1.0841693423995e-06,1.0914760964866e-06,1.7840639345867e-07,20925651.11460278,305.2496666292003,0.395961964448606,20925651.11682917,0.06515785243266237,0.395961964448606,0.00083561482644808,4.7913691693459,-3.2706509777303e-09,6.26306618,19.6969697,19.6969697,0.999462261,-2.97849846,0.401287115,-170.667962,-2.97849846,-2.95837933,0,1,-0.523,0,-0.0561445014,-0.174,0.348,0,-0.390739291,-0.976848227,-0.979072208,0,0,0,-1,9.37231823,0,358.701792,-358.701792,360,1.29820782,0.0226537264,0.000634651708,-0.0555098497,0,0,0,-4.79136917,-0.413970408,-0.0496566141,-24.5558335,0,0,0,-0,0,0,0.002,0,0,0,0,0,0,0,0,0,0,0,-825,-1.5,1.29954,29.9228,0,-0,0,0,0,130,130,2.05154312604125783e-06,-7.67922216633905483e-07,20925651.1750196442,12.38357767365207
0.3,12.06361230131463,-193.3622121475255,-1.144334808925959,-2.35083998894619,124.370198605927,-4.443601666254722,12.06571847983205,-193.3623287460807,-1.147941292016753,0.5602720482,676613.5258,21.7146495212,1526.52142214,-15.07964382581514,-0.9349741041286298,-15.59667173916241,-12.88982083291331,-1.717239807841319,55.63137659134727,-36.78111898862629,0.1879368943131429,16.05247196239308,12.03930515747915,0.006598393895216711,-11.56591229863758,-15.07964382581514,-0.9349741041286298,-15.59667173916241,20.86319973707054,1526.367491276127,5.887336336043079,20.89659900646015,0.4443249458883198,5.88733633604308,5.887335432886091,0.4443248372568099,-20.89659926322233, 2095.734879,-10.78165492, 13.55483334,-10.78165492, 1505.011878, 3.979907608, 13.55483334, 3.979907608, 3150.439301,77.08075536,2480,45.48951612903226,4.22741935483871,35.42701612903226,7.0625412091613,7.0625412075857,6.601182290843822,-59.64231899718001,355.8993725070105,0.8666125740295513,0.03215623028010006,-0.4979387339206589,-0.002375005166306549,-0.2606917514810762,-0.02441727279981193,0.9648834886986858,-0.02105850743527361,0.2606915211238942,0.02442782686039282,-0.9648832215606229,0.02106135892536082,-134.03441100304,-2.4677642817371,2.4597624151943e-06,2.4763399703914e-06,2.9785358985853e-07,20925653.38299157,457.8855953794808,0.8983582412982982,20925653.38800119,0.1087825496872483,0.8983582412982982,0.0012534222396721,7.0625412075857,0,6.21461586,19.6969697,19.6969697,0.999380231,-3.02108896,0.904920227,-173.108397,-3.02108896,-2.9525195,0,1,-0.523,0,-0.115212365,-0.174,0.348,0,-0.384900828,-0.962252071,-0.963372406,0,0,0,-1,20.5090943,0,355.925589,-355.925589,360,4.07441145,0.0710984798,0.00269567323,-0.112516692,0,0,0,-7.06254121,-0.94323447,-0.11312152,-21.0097208,0,0,0,-0,0,0,0.002,0,0,0,0,0,0,0,0,0,0,0,-825,-1.5,1.29953,29.9228,0,-0,0,0,0,130,130,3.42428332551221263e-06,-6.51126364153081644e-07,20925653.3292564191,12.06571847983205
0.4,11.8305421243565,-181.5057869560134,-1.64889955983075,-2.610441705364035,110.8684339363901,-5.670233994395862,11.83137591975048,-181.5059812034585,-1.65298897991501,0.4147544629,582142.1511,18.6836182395,1526.50217087,-15.38546863051862,-1.039051510299963,-10.54918563194764,5.576952180759932,-0.4466162635167472,44.27376550200431,-37.45692664746196,0.21982632244987,12.25574294299037,7.576814664970533,0.006100513835528236,-10.97688267421404,-15.38546863051862,-1.039051510299963,-10.54918563194764,17.14627049809295,1526.388399295058,7.303257638093923,17.19080413594926,0.4650500511474026,7.303257638093924,7.303256347013045,0.4650499244496447,-17.19080468787319, 2095.734879,-10.78165492, 13.55483334,-10.78165492, 1505.011878, 3.979907608, 13.55483334, 3.979907608, 3150.439301,77.08075536,2480,45.48951612903226,4.22741935483871,35.42701612903226,8.967473320663,8.967473324251,19.02141077800367,-78.01996968688979,344.0348698278633,0.7733735367311002,0.04093499280830017,-0.6326183337881081,-0.003426777344981064,-0.09952892105735545,-0.03136851116849268,0.9941863895591567,-0.026522315049022,0.09952853423922778,0.03138301060812433,-0.9941859319678434,0.02652376659887766,-145.56316379319,-3.1880332653323,4.2742781078466e-06,4.3030845788818e-06,4.2227499954424e-07,20925655.284027,610.523363242891,1.561058616725967,20925655.29293326,0.1542239437944772,1.561058616725967,0.0016712296528962,8.967473324251,-3.2706509777303e-09,6.00754122,19.6969697,19.6969697,0.999311433,-3.04311775,1.56865768,-174.370647,-3.04311775,-2.76747366,0,1,-0.523,0,-0.331986246,-0.174,0.348,0,-0.380849878,-0.952124694,-0.953180433,0,0,0,-1,95.9725849,0,344.060212,-344.060212,360,15.9397881,0.278149302,0.00962300942,-0.322363237,0,0,0,-8.96747332,-1.62062503,-0.194329674,-17.3851344,0,0,0,-0,0,0,0.002,0,0,0,0,0,0,0,0,0,0,0,-825,-1.5,1.29953,29.9225,0,-0,0,0,0,130,130,5.13698846432501563e-06,-5.35334833206712698e-07,20925655.131470181,11.831375919750478
0.5,11.50892913245399,-171.2103410046613,-2.250796048738251,-4.064557126867066,92.89169333298618,-6.316030258212736,11.50848429762028,-171.2106194405124,-2.254941033527373,0.2977758552,493255.6546,15.8314220119,1526.49093097,-14.25399710480061,-1.038286285920287,-6.810246034095846,15.8958440038609,0.3788828123191643,30.09661733341198,-37.57657029023111,0.1898283792539938,8.596415538316203,4.400158018192534,0.003714017426817964,-9.137513435481132,-14.25399710480061,-1.038286285920287,-6.810246034095846,13.39015880064204,1526.409400673276,8.343111126274142,13.44582727155258,0.485951271555309,8.343111126274147,8.343109608408426,0.4859511418891421,-13.44582821807168, 2095.734879,-10.78165492, 13.55483334,-10.78165492, 1505.011878, 3.979907608, 13.55483334, 3.979907608, 3150.439301,77.08075536,2480,45.48951612903226,4.22741935483871,35.42701612903226,10.499401610345,10.499401610648,147.1371222503142,-82.39256555262934,216.4634845195869,-0.6666181841753493,-0.04884482802363437,0.7437835746307265,0.004513691575693377,0.05456422730666153,-0.03773017408222951,0.9973046445874746,-0.03134684906657949,-0.05456479875966517,0.03774835522635472,-0.99730395658983,0.03134585433981957,-154.46255588024,-3.7603792806007,6.4246775656022e-06,6.4679766373739e-06,5.525375234203e-07,20925656.81094512,763.1632785616894,2.346431082545636,20925656.82486148,0.2017986437432455,2.346431082545636,0.0020890370661202,10.499401610648,9.8119529331909e-09,3.78100052,19.6969697,19.6969697,0.999256109,-3.05580138,2.35509149,-175.097419,-3.05580138,-0.553616587,0,1,-0.523,0,-2.56802724,-0.174,0.348,0,-0.375438791,-0.938596977,-0.940203652,0,0,0,-1,372.907961,0,216.47943,-216.47943,360,30,0.5235,0.0326741106,-2.53535312,0,0,0,-10.4994016,-2.39682114,-0.287366884,-13.7331951,0,0,0,-0,0,0,0.002,0,0,0,0,0,0,0,0,0,0,0,-825,-1.5,1.29953,29.9218,0,-0,0,0,0,130,130,7.11437930222867487e-06,-4.18318575609267274e-07,20925656.5830185302,11.5084842976202779
0.6,11.01896013129131,-162.8538464170604,-2.889202084838896,-5.89951476955057,72.37302724965782,-6.368761277757586,11.0173438867705,-162.8542088437653,-2.893037799112286,0.2094049059,413633.8651,13.2762666908,1526.48190308,-12.44994249343797,-0.976286270231725,-4.506112989474731,19.19678446724711,0.7860778108666644,16.01759330864258,-37.25581652754563,0.1086910219722363,5.395083891966068,2.538194880705196,0.001087561035356626,-6.946247044819995,-12.44994249343797,-0.976286270231725,-4.506112989474731,9.645466087053503,1526.424674047284,9.037691594580133,9.712269582912459,0.501205980967334,9.037691594580135,9.037690090871052,0.5012058643662276,-9.712270988196558, 2095.734879,-10.78165492, 13.55483334,-10.78165492, 1505.011878, 3.979907608, 13.55483334, 3.979907608, 3150.439301,77.08075536,2480,45.48951612903226,4.22741935483871,35.42701612903226,11.657035227865,11.65703522614,169.7483331549514,-66.45975156759042,194.4034882102419,-0.5508708988105177,-0.05587060449272368,0.8326986317042756,0.005719891182319949,0.1992823770039003,-0.04355106027595796,0.9783313815816568,-0.0354619116382934,-0.1992831527332279,0.04357246258036285,-0.9783304286095349,0.03545755205977642,-160.10286161715,-4.2171207644207,8.8114745330242e-06,8.8708594037941e-06,6.8786716009671e-07,20925657.96245502,915.8050504271731,3.218141091132706,20925657.98249498,0.2512239653932511,3.218141091132706,0.0025068444793442,11.65703522614,0,3.39598095,19.6969697,19.6969697,0.999214304,-3.06368572,3.22793028,-175.549192,-3.06368572,-0.176481363,0,1,-0.176481363,0,-2.96266731,-0.174,0.348,0,-0.367152924,-0.91788231,-0.920275276,0,0,0,-1,170.543611,0,194.417808,-194.417808,360,30,0.5235,0.0566120055,-2.90605531,0,0,0,-11.6570352,-3.22682157,-0.386842437,-10.0991134,0,0,0,-0,0,0,0.002,0,0,0,0,0,0,0,0,0,0,0,-825,-1.5,1.29953,29.9209,0,-0,0,0,0,130,130,9.2838146241277898e-06,-2.99646373559393514e-07,20925657.6861372069,11.0173438867705045
0.7,10.34824742082306,-156.5343635690169,-3.511465710883137,-7.610719177126183,52.91871569309217,-5.989397041999745,10.34564094776219,-156.5348045275335,-3.514701164054495,0.1493832696,349357.8209,11.2134311128,1526.47105505,-10.60609685223958,-0.8922701019714223,-3.529249346151331,16.89950911662438,0.8329067670254273,3.833452337727994,-36.693213735091,0.0004879669804607153,2.847613870548562,1.695697634499403,-0.0009496879561430161,-5.043169889213281,-10.60609685223958,-0.8922701019714223,-3.529249346151331,5.946989636710478,1526.430257439831,9.443748379671085,6.024927965293431,0.5068499538848283,9.443748379671081,9.44374717838968,0.5068498670143846,-6.024929855544586, 2095.734879,-10.78165492, 13.55483334,-10.78165492, 1505.011878, 3.979907608, 13.55483334, 3.979907608, 3150.439301,77.08075536,2480,45.48951612903226,4.22741935483871,35.42701612903226,12.443421702832,12.443421702456,174.0205291773116,-50.58886938281309,190.6982486836273,-0.4292264400744815,-0.0619834856280044,0.9010389855808389,0.007173361404733578,0.333621944430634,-0.0489012784198912,0.9406396696467175,-0.03875661298588134,-0.3336229334838506,0.04892528578821782,-0.9406384212622438,0.03874809813971079,-161.5947932609,-4.5639388876586,1.1347451947734e-05,1.1423928017598e-05,8.26119387902e-07,20925658.74160423,1068.447887570549,4.144335051770111,20925658.76888129,0.3017166807137528,4.144335051770111,0.0029246518925683,12.443421702456,-3.2706509777303e-09,3.33131232,19.6969697,19.6969697,0.999185907,-3.06891867,4.15530087,-175.84904,-3.06891867,-0.117045684,0,1,-0.117045684,0,-3.0372312,-0.174,0.348,0,-0.355698912,-0.889247281,-0.892410961,0,0,0,-1,159.835066,0,190.712296,-190.712296,360,30,0.5235,0.0793824338,-2.95784877,0,0,0,-12.4434217,-4.07000703,-0.487894395,-6.51282425,0,0,0,-0,0,0,0.002,0,0,0,0,0,0,0,0,0,0,0,-825,-1.5,1.29953,29.9199,0,-0,0,0,0,130,130,1.15809264323400724e-05,-1.80406923824202598e-07,20925658.4444446377,10.3456409477621882
0.8,9.521763896758282,-151.9514647422886,-4.082940003426293,-8.961026186676801,38.78685297614831,-5.356053783766517,9.518394718567128,-151.9519751983095,-4.085357517939479,0.1172786698,309547.5057,9.93572876578,1526.45667104,-9.212086612463439,-0.8185685856733661,-3.631268624348504,10.42555012880901,0.5962350481781551,-5.383518924073808,-36.15868592857878,-0.115426359065309,0.9772476591846009,1.50873484471667,-0.002278449548994297,-3.791116658556256,-9.212086612463439,-0.8185685856733661,-3.631268624348504,2.3059375007011,1526.424554265348,9.62971165661893,2.395010088067898,0.5012845455305599,9.629711656618932,9.629711069023585,0.501284505217915,-2.395012459072054, 2095.734879,-10.78165492, 13.55483334,-10.78165492, 1505.011878, 3.979907608, 13.55483334, 3.979907608, 3150.439301,77.08075536,2480,45.48951612903226,4.22741935483871,35.42701612903226,12.863968726248,12.863968734218,175.9356122204082,-35.18367001066051,189.3740297009315,-0.3037960135471801,-0.0671605592190459,0.950324303987787,0.009008811706038681,0.4571646475295484,-0.05385988111893609,0.8867969244188251,-0.04111949776384135,-0.4571658467274963,0.05388574759663848,-0.8867953530317944,0.04110616295761614,-158.48637278466,-4.7257473853134,1.3962921971387e-05,1.4057024980547e-05,9.6439860697173e-07,20925659.15380049,1221.090724639394,5.09956141525412,20925659.1894281,0.35221925146584,5.09956141525412,0.0033424593057923,12.863968734218,3.2706509777303e-09,3.30820034,19.6969697,19.6969697,0.999170721,-3.07263363,5.11170741,-176.061907,-3.07263363,-0.0976486605,0,1,-0.0976486605,0,-3.0706557,-0.174,0.348,0,-0.341475538,-0.853688846,-0.857481989,0,0,0,-1,157.8632,0,189.387979,-189.387979,360,30,0.5235,0.101042334,-2.96961337,0,0,0,-12.8639687,-4.89004644,-0.586176519,-2.98118898,0,0,0,-0,0,0,0.002,0,0,0,0,0,0,0,0,0,0,0,-825,-1.5,1.29953,29.9189,0,-0,0,0,0,130,130,1.39548178081933005e-05,-6.24839623676684415e-08,20925658.8623196147,9.51839471856713004
0.9,8.581133593977203,-148.3994644208684,-4.583219616544725,-9.836548907926764,33.39084576340183,-4.556482555175465,8.577257979971934,-148.4000333935256,-4.584672953963239,0.1126875099,303427.8521,9.73931657353,1526.43774513,-8.61275025582087,-0.7794250842908377,-4.479655889501009,1.268193106729923,0.1585463792348443,-10.9973250887848,-35.93157220244038,-0.2480585516709173,-0.4623121432643171,1.750641292462439,-0.003183792220761668,-3.338153321526907,-8.61275025582087,-0.7794250842908377,-4.479655889501009,-1.295054212998746,1526.406669227388,9.653638812116235,-1.194848330370201,0.483613970145559,9.653638812116231,9.653639160754661,0.4836139930752679,1.19484550430218, 2095.734879,-10.78165492, 13.55483334,-10.78165492, 1505.011878, 3.979907608, 13.55483334, 3.979907608, 3150.439301,77.08075536,2480,45.48951612903226,4.22741935483871,35.42701612903226,12.923786882311,12.923786880337,177.1048182279751,-20.1582847934994,188.8342330331646,-0.1763484373673969,-0.07139605534719999,0.9816697957233436,0.01132449042675814,0.5694483133984165,-0.05849226052012828,0.8188424617166447,-0.04247701398132204,-0.5694497069545461,0.05851913040892119,-0.8188405418804767,0.04245832778681058,-152.52019727187,-4.5902168305824,1.6606133222912e-05,1.6718050134393e-05,1.0995333249014e-06,20925659.20415445,1373.732395657514,6.064919409830161,20925659.24924599,0.4015733774042474,6.064919409830161,0.0037602667190164,12.923786880337,3.2706509777303e-09,3.29877911,19.6969697,19.6969697,0.99916856,-3.07547668,6.07819568,-176.224814,-3.07547668,-0.0910704762,0,1,-0.0910704762,0,-3.0910622,-0.174,0.348,0,-0.325192163,-0.812980408,-0.817206153,0,0,0,-1,157.469783,0,188.848143,-188.848143,360,30,0.5235,0.121645866,-2.96941633,0,0,0,-12.9237869,-5.65458904,-0.677819897,0.517025607,0,0,0,-0,0,0,0.002,0,0,0,0,0,0,0,0,0,0,0,-825,-1.5,1.29953,29.918,0,-0,0,0,0,130,130,1.6369813089036169e-05,5.205105927068748e-08,20925658.9428809881,8.57725797997193418
1,7.579680740828883,-144.9609528411326,-4.995999522987675,-10.094966050422,37.01672102351434,-3.590631750900119,7.57556927982139,-144.9615687800939,-4.996415228453465,0.1354324512,332644.3309,10.6770201602,1526.41066486,-8.995274838825624,-0.7909972046878835,-5.697202251813055,-8.923899291714571,-0.402992137572812,-12.76316867169166,-36.10975681715955,-0.4388298883262686,-1.957504538974755,2.364402237008558,-0.003843899164320531,-3.705090161878179,-8.995274838825624,-0.7909972046878835,-5.697202251813055,-4.893976079697961,1526.373035798818,9.535322879157899,-4.782638489983535,0.4502734349626306,9.535322879157901,9.535324495708108,0.4502735374519698,4.782635257357242, 2095.734879,-10.78165492, 13.55483334,-10.78165492, 1505.011878, 3.979907608, 13.55483334, 3.979907608, 3150.439301,77.08075536,2480,45.48951612903226,4.22741935483871,35.42701612903226,12.625064861029,12.625064862398,177.9578853803208,-5.466939822991073,188.6775560198441,-0.04889233510967807,-0.07470813641790051,0.9959057482060989,0.01414123794219068,0.6696397315898965,-0.06282599579217546,0.7387836958396996,-0.04282726807032112,-0.669641292651615,0.06285293222876082,-0.7387814046767089,0.04280285259220319,-147.65167069083,-4.2485974842821,1.9236555807105e-05,1.9366200433913e-05,1.2278173683615e-06,20925658.89485494,1526.371539307723,7.025606591324937,20925658.95052367,0.448425481286904,7.025606591324937,0.0041780741322404,12.625064862398,0,3.29604458,19.6969697,19.6969697,0.999179348,-3.07785182,7.03989866,-176.360909,-3.07785182,-0.0907110905,0,1,-0.0907110905,0,-3.10595103,-0.174,0.348,0,-0.307759702,-0.769399254,-0.773805471,0,0,0,-1,157.580793,0,188.691454,-188.691454,360,30,0.5235,0.141244551,-2.96470648,0,0,0,-12.6250649,-6.33472414,-0.759367134,4.02326812,0,0,0,-0,0,0,0.002,0,0,0,0,0,0,0,0,0,0,0,-825,-1.5,1.29952,29.9171,0,-0,0,0,0,130,130,1.87997251451282304e-05,1.60745038740234699e-07,20925658.6853251606,7.57556927982138983
1.1,6.58906272407426,-140.8269729360303,-5.305093914826066,-9.505996705790771,47.49352324620422,-2.481210040657808,6.584982765831691,-140.8276246931622,-5.304473063125206,0.1856297785,389444.1984,12.4999515412,1526.36733964,-10.38138245512127,-0.8623908057793911,-6.908832676458145,-18.54124873664828,-1.026772626361064,-11.00396214578736,-36.5536078731807,-0.7321170183422417,-3.953875357847498,3.300426307386135,-0.003973055189508262,-4.923109528584614,-10.38138245512127,-0.8623908057793911,-6.908832676458145,-8.525755443427903,1526.315527030883,9.245483573147443,-8.403288871702378,0.3931388686865556,9.245483573147437,9.245486793802783,0.3931390657970398,8.403285319043428, 2095.734879,-10.78165492, 13.55483334,-10.78165492, 1505.011878, 3.979907608, 13.55483334, 3.979907608, 3150.439301,77.08075536,2480,45.48951612903226,4.22741935483871,35.42701612903226,11.96614266932,11.966142678759,178.6775147824847,8.856442347817614,188.7731952186603,0.07609876153598631,-0.07714084038654093,0.9939599039096204,0.01737753311391429,0.7566458634728902,-0.06683458236265158,0.6490256921796259,-0.04225904377209075,-0.7566475577322798,0.0668606125438108,-0.6490230111476011,0.04222869722053221,-146.35614810977,-3.9560662122033,2.1812255574494e-05,2.1959259115657e-05,1.3439498525451e-06,20925658.22424217,1679.006211605048,7.966307651276982,20925658.29160114,0.4908395629556708,7.966307651276982,0.0045958815454644,11.966142678759,6.5413019554606e-09,3.2977138,19.6969697,19.6969697,0.999203142,-3.08005601,7.98141013,-176.487209,-3.08005601,-0.0945844976,0,1,-0.0945844976,0,-3.11851093,-0.174,0.348,0,-0.290396221,-0.725990553,-0.730232488,0,0,0,-1,157.988423,0,188.787101,-188.787101,360,30,0.5235,0.159887396,-2.95862354,0,0,0,-11.9661427,-6.90431185,-0.827691242,7.57559408,0,0,0,-0,0,0,0.002,0,0,0,0,0,0,0,0,0,0,0,-825,-1.5,1.29952,29.9165,0,-0,0,0,0,130,130,2.12147091847104046e-05,2.5961880469990443e-07,20925658.0837472938,6.58498276583169062
1.2,5.705698596383882,-135.3956437429658,-5.500189440817781,-7.823538445074941,63.28344316319324,-1.329527129266635,5.701892862231317,-135.3963210055806,-5.498603878972517,0.2635924903,464079.1535,14.8951375953,1526.29591217,-12.64662995580324,-0.9976772659435691,-7.805928184128046,-26.31598769036927,-1.675260355440632,-6.724974168660555,-37.05118268495837,-1.159902013706967,-6.726671793881931,4.422430976113631,-0.002932972360073718,-7.111590161114015,-12.64662995580324,-0.9976772659435691,-7.805928184128046,-12.20645489737815,1526.222196485857,8.718997797268161,-12.07286385082629,0.3002662691841563,8.718997797268159,8.719002947386189,0.3002665725774083,12.07286012387407, 2095.734879,-10.78165492, 13.55483334,-10.78165492, 1505.011878, 3.979907608, 13.55483334, 3.979907608, 3150.439301,77.08075536,2480,45.48951612903226,4.22741935483871,35.42701612903226,10.942753620446,10.942753623827,179.3857853447804,22.70968456036215,189.0920916323802,0.1958459305583829,-0.07875972303619715,0.97724450750447,0.02084346572258502,0.8295003220652518,-0.07043008840676163,0.5525320547563948,-0.04095298288690989,-0.8295021130744608,0.07045426310304864,-0.5525289727217155,0.04091668997727715,-148.31571061922,-3.8405502860168,2.4277975732256e-05,2.4441596984925e-05,1.4398533017527e-06,20925657.18804983,1831.633454217546,8.866841565933798,20925657.26821173,0.5258655517916395,8.866841565933798,0.0050136889586885,10.942753623827,0,3.30327959,19.6969697,19.6969697,0.999240099,-3.08235507,8.88241695,-176.618945,-3.08235507,-0.102449347,0,1,-0.102449347,0,-3.13087259,-0.174,0.348,0,-0.274748246,-0.686870615,-0.690493146,0,0,0,-1,158.734247,0,189.10602,-189.10602,360,30,0.5235,0.177621017,-2.95325157,0,0,0,-10.9427536,-7.33940067,-0.879924948,11.1929352,0,0,0,-0,0,0,0.002,0,0,0,0,0,0,0,0,0,0,0,-825,-1.5,1.29952,29.916,0,-0,0,0,0,130,130,2.3567691951605985e-05,3.41776767564699772e-07,20925657.1284432001,5.70189286223131742
1.3,5.046597611144956,-128.1524316189841,-5.583779920234302,-4.9093818075585,84.18650058800804,-0.2865155964025399,5.04326284598147,-128.1531247335359,-5.581360160540219,0.3696701845,549589.4332,17.6390976822,1526.18183891,-15.56654381490925,-1.198397728898537,-8.208795501311965,-31.54411234593611,-2.334941351376973,-1.462616846986844,-37.37743331101069,-1.74413245128343,-10.44135616519978,5.531348510097674,7.029368468145913e-06,-10.40555573012622,-15.56654381490925,-1.198397728898537,-8.208795501311965,-15.93042591226969,1526.078406472441,7.869195567813355,-15.78571738132486,0.15701882983614,7.869195567813354,7.869202934035743,0.1570192441491359,15.78571370513251, 2095.734879,-10.78165492, 13.55483334,-10.78165492, 1505.011878, 3.979907608, 13.55483334, 3.979907608, 3150.439301,77.08075536,2480,45.48951612903226,4.22741935483871,35.42701612903226,9.5501006133854,9.5501006117919,-179.7857564677596,35.93584866278498,189.6749123321543,0.3075351180482744,-0.07964163747809982,0.9478880104795896,0.02424211904694344,0.8877183136009894,-0.07345690549616503,0.4527976645048734,-0.03917338064649185,-0.8877201693729744,0.0734783674558098,-0.4527941822309219,0.03913130386630585,-152.19571459333,-3.8956678013833,2.6557432109812e-05,2.673641575526e-05,1.503788867912e-06,20925655.7814814,1984.248971427509,9.699347665591768,20925655.87555835,0.5492161661268256,9.699347665591768,0.0054314963719125,9.5501006117919,-3.2706509777303e-09,3.31345173,19.6969697,19.6969697,0.999290392,-3.08502902,9.71488017,-176.772163,-3.08502902,-0.115295445,0,1,-0.115295445,0,3.1378534,0.174,0.348,0,0.0851640152,0.212910038,0.106313072,0,0,0,-1,-154.122626,0,189.688884,-189.688884,360,30,0.5235,0.194489758,3.33234316,0,0,0,-9.55010061,-7.61786968,-0.913416847,14.8722969,0,0,0,-0,0,0,0.002,0,0,0,0,0,0,0,0,0,0,0,-825,-1.5,1.29952,29.9159,0,-0,0,0,0,130,130,2.57851315708510477e-05,3.96296010624378426e-07,20925655.8084687851,5.04326284598147012
1.4,4.734400493525144,-118.5796485618335,-5.573589895855603,-0.81204818029392,110.2741328807102,0.5064091222539734,4.731670378588858,-118.5803478323215,-5.570505451550094,0.5040737771,641778.7525,20.5970484375,1526.0089686,-18.87834825431761,-1.465557698783864,-8.105461871915612,-34.16446006786797,-3.006580694379009,3.009178600254561,-37.26523096460056,-2.492646468784212,-15.1718985323347,6.435456267209658,0.005523092444465545,-14.8538432195377,-18.87834825431761,-1.465557698783864,-8.105461871915612,-19.66763692087332,1525.867960162486,6.597306606331466,-19.51182107875348,-0.05280217425179112,6.597306606331462,6.597316394000788,-0.05280165670286241,19.51181777075978, 2095.734879,-10.78165492, 13.55483334,-10.78165492, 1505.011878, 3.979907608, 13.55483334, 3.979907608, 3150.439301,77.08075536,2480,45.48951612903226,4.22741935483871,35.42701612903226,7.7851346582174,7.7851346599525,-178.6337298701151,48.32485212385578,190.6565608392027,0.4085372843261978,-0.07986111087198491,0.9088349161383745,0.02717692943328161,0.9315229055180591,-0.07568731949288689,0.3537636134233215,-0.03725334858572618,-0.9315248058943972,0.07570537718893797,-0.3537597495179804,0.03720579913214848,-156.76362300235,-4.0802587753888,2.8548746642541e-05,2.8741150756003e-05,1.5197643103008e-06,20925654.00148878,2136.846914127331,10.42661785230419,20925654.11059204,0.5550506958320511,10.42661785230419,0.0058493037851365,7.7851346599525,0,3.33058473,19.6969697,19.6969697,0.999354134,-3.08840884,10.4413773,-176.965827,-3.08840884,-0.135808262,0,1,-0.135808262,0,3.11774674,0.174,0.348,0,0.0911954806,0.227988701,0.227190817,0,0,0,-1,-151.759816,0,190.670605,-190.670605,360,30,0.5235,0.210535799,3.32828254,0,0,0,-7.78513466,-7.71931191,-0.92571647,18.5861013,0,0,0,-0,0,0,0.002,0,0,0,0,0,0,0,0,0,0,0,-825,-1.5,1.29952,29.9161,0,-0,0,0,0,130,130,2.77617338262151161e-05,4.07458969505573891e-07,20925654.1146421619,4.73167037858885831
1.5,1.544212436723595,134.464073287434,-5.522748274842693,11.94083779191006,-36.23287889215904,0.7797200396962387,1.54124268017431,134.4633609013056,-5.519897072377681,0.2167308703,420827.6235,13.5054653002,1525.62914169,-11.92454977245478,-1.445089006338264,-6.173687995189162,-5.218377244603772,-2.136564916684319,-55.50451229807194,-33.76640589837729,-0.7467232431290775,-4.559807511599908,2.265602005995311,0.005133196172765154,-4.320703333993506,-11.92454977245478,-1.445089006338264,-6.173687995189162,-12.89244706289927,1525.568002196479,4.509263387886328,-12.72553909469124,-0.3532582937265218,4.509263387886326,4.509270089700056,-0.3532579715544923,12.72553672886152, 2095.734879,-10.78165492, 13.55483334,-10.78165492, 1505.011878, 3.979907608, 13.55483334, 3.979907608, 3150.439301,77.08075536,2480,45.48951612903226,4.22741935483871,35.42701612903226,6.4044035449624,6.4044035467828,-177.9600071312276,43.559224084212,191.2266125393293,0.3708166094363781,-0.08424416836677241,0.9246645414477438,0.01983552498758172,0.9160436103904737,-0.07359544991945587,0.3916293863258746,-0.04554379628398923,-0.9160460998499881,0.07361686835829837,-0.3916253607415449,0.04549369700076153,-152.62807650308,-6.1424253940576,2.9972414469882e-05,3.017441339788e-05,1.4505552502067e-06,20925652.60462167,2289.413761795589,10.94657131820774,20925652.72986066,0.5297740198188876,10.94657131820774,0.0062671111983606,6.4044035467828,3.2706509777303e-09,3.34053401,19.6969697,19.6969697,0.999404001,-3.09323404,10.95938,-177.242311,-3.09323404,-0.150582741,0,1,-0.150582741,0,3.10598806,0.174,0.348,0,0.148789783,0.371974458,0.376559624,0,0,0,-1,-154.655352,0,191.240699,-191.240699,360,30,0.5235,0.225799265,3.33178733,0,0,0,-6.40440355,-7.65221293,-0.917775473,11.8077613,0,0,0,-0,0,0,0.002,0,0,0,0,0,0,0,0,0,0,0,-825,-1.5,1.29952,29.9162,0,-0,-0,0,0,130,130,2.91897566852365652e-05,3.37880523277071303e-07,20925652.7012520768,1.54124268017430999
1.6,2.699736186821214,130.2463052419125,-5.363034012768416,10.86451097777519,-49.64221839205058,2.583712099353067,2.696198053277581,130.2455705795953,-5.360936827568778,0.3265026798,516527.0139,16.5761391404,1525.56834176,-11.39253897846198,-1.687382659625475,-11.92187838326671,15.94159772759813,-2.720720629348191,-58.1018701146942,-33.7117649277608,-1.089826046138791,-6.428594022875724,4.864412637341387,0.009965684072594586,-4.597021815982449,-11.39253897846198,-1.687382659625475,-11.92187838326671,-16.26803681869012,1525.476461296441,3.96010059674109,-16.0900177668372,-0.4442075277800667,3.960100596741089,3.960109399446819,-0.4442071508690273,16.09001561070443, 2095.734879,-10.78165492, 13.55483334,-10.78165492, 1505.011878, 3.979907608, 13.55483334, 3.979907608, 3150.439301,77.08075536,2480,45.48951612903226,4.22741935483871,35.42701612903226,4.9635799713433,4.9635799687393,-177.7147485969896,30.2843281902502,191.2863641667077,0.2617900843758305,-0.08971630593990926,0.9609236996737424,0.006525302776085959,0.8645893440712461,-0.06805308385433283,0.4943618830309735,-0.0588249309599051,-0.8645927742653521,0.06808192328813889,-0.4943579121824618,0.05877449338043936,-133.69935827433,-5.8425945934304,3.1136171797088e-05,3.1346013875952e-05,1.3421620883017e-06,20925651.14655147,2441.966271319061,11.37159977643215,20925651.28903686,0.4901864687390116,11.37159977643215,0.0066849186115846,4.9635799687393,0,3.34157687,19.6969697,19.6969697,0.999456041,-3.09851312,11.3821572,-177.544802,-3.09851312,-0.156904683,0,1,-0.156904683,0,3.10170749,0.174,0.348,0,0.128481198,0.321202995,0.326096557,0,0,0,-1,-154.276972,0,191.300455,-191.300455,360,30,0.5235,0.240318322,3.34202581,0,0,0,-4.96357997,-7.46642581,-0.895600495,15.1944151,0,0,0,-0,0,0,0.002,0,0,0,0,0,0,0,0,0,0,0,-825,-1.5,1.29952,29.9165,0,-0,-0,0,0,130,130,3.03955061198313845e-05,2.40037779156660875e-07,20925651.1773800589,2.69619805327758044
1.7,3.688625585959247,124.6242837383337,-5.023072043028469,8.525060904530884,-63.83150666756823,4.317968841893371,3.684717543872674,124.6235242257522,-5.021804505596046,0.4618177558,614316.4502,19.7135133899,1525.47900513,-8.754632988900784,-1.986380941131935,-17.55087753246731,36.30093293821653,-3.262099362931523,-53.21858818468004,-33.46949966411304,-1.455235160488886,-8.243262408184785,7.598750333604401,0.01809205274467801,-3.732361972252512,-8.754632988900784,-1.986380941131935,-17.55087753246731,-19.6286198939581,1525.349307368834,3.225352355847294,-19.43949629327676,-0.5706980091230152,3.225352355847291,3.22536332844661,-0.5706976006085321,19.43949448472051, 2095.734879,-10.78165492, 13.55483334,-10.78165492, 1505.011878, 3.979907608, 13.55483334, 3.979907608, 3150.439301,77.08075536,2480,45.48951612903226,4.22741935483871,35.42701612903226,3.1869017221034,3.1869017181388,-177.4050476729917,17.49529685918574,191.2642572467151,0.1535062254294621,-0.09354745656422167,0.9836822086424648,-0.007350137756967656,0.8041138196410132,-0.06095069468134533,0.5870228397271887,-0.07134538190260489,-0.8041182402955533,0.06098707998770591,-0.5870190606940157,0.07129554039679603,-116.51068815605,-5.7830745948928,3.2124032651067e-05,3.2340532431873e-05,1.2040515551098e-06,20925649.35151583,2594.507864640818,11.73238681614188,20925649.51235841,0.4397454934928646,11.73238681614188,0.0071027260248087,3.1869017181388,0,3.34119103,19.6969697,19.6969697,0.999520214,-3.10412886,11.7406232,-177.866584,-3.10412886,-0.162134581,0,1,-0.162134581,0,3.09630219,0.174,0.348,0,0.110895815,0.277239537,0.281230214,0,0,0,-1,-153.798509,0,191.278346,-191.278346,360,30,0.5235,0.254129274,3.35043147,0,0,0,-3.18690172,-7.14494873,-0.857166145,18.5823283,0,0,0,-0,0,0,0.002,0,0,0,0,0,0,0,0,0,0,0,-825,-1.5,1.29952,29.9171,0,-0,-0,0,0,130,130,3.14699643759987419e-05,1.23632704449843043e-07,20925649.3255532235,3.68471754387267447
1.8,-307.2451179673255,64.18306391298677,18.67328611892077,86.5253303425613,-26.06436207542437,-55.29600973769357,-307.249198612631,64.18232392753917,18.67379312866668,0.1315257967,327844.8829,10.5202138996,1525.84701589,0.5965799953921631,0.2230971219213253,10.50091522090265,-14.16795883766411,-57.74345752187254,-30.07746149912493,-32.14920108609104,-0.09391779300927706,-1.237112820535609,1.230207448847969,0.1330250145020653,-0.09900272100182382,0.5965799953921631,0.2230971219213253,10.50091522090265,10.29908703687575,1525.812118013208,0.6521058005562183,10.49939103475211,-0.1115635134999592,0.6521058005562175,0.652099777629233,-0.1115637125814254,-10.49939140671246, 2095.734879,-10.78165492, 13.55483334,-10.78165492, 1505.011878, 3.979907608, 13.55483334, 3.979907608, 3150.439301,77.08075536,2480,45.48951612903226,4.22741935483871,35.42701612903226,1.6730261668563,1.6730261663964,-177.5364075611935,6.63579982247117,190.4958376614666,0.05958295766834264,-0.09005207289110698,0.9940231218003942,-0.01607882612959765,0.7450121937209573,-0.05230696915089492,0.6607487624885776,-0.07504588633061388,-0.7450171173056072,0.05235033334187585,-0.6607453282096922,0.07499699173769414,86.748396575417,1.2151351587317,3.2647430441228e-05,3.286745767523e-05,1.086398988433e-06,20925647.81817001,2747.056938109905,11.92354207018309,20925647.99848275,0.3967762200122706,11.92354207018309,0.0075205334380327,1.6730261663964,0,3.32777958,19.6969697,19.6969697,0.999574898,-3.10832822,11.930141,-178.107207,-3.10832822,-0.152922492,0,1,-0.152922492,0,3.09859485,0.174,0.348,0,-3.20038937,-8.00097342,-6.50508106,0,0,0,-1,-96.6748846,0,190.50987,-190.50987,360,30,0.5235,0.267266658,3.36586151,0,0,0,-1.67302617,-6.68312284,-0.80186293,-11.3012543,0,0,0,-0,0,0,0.002,0,0,0,0,0,0,0,0,0,0,0,-825,-1.5,1.29952,29.9176,0,0,0,0,0,130,130,3.20892495786631804e-05,3.35543854456420239e-08,20925647.7571389675,-307.249198612631062
1.9,-63.92378623497275,24.6854868126389,-3.10700767030675,49.2581601136818,-159.9006566079802,4.839847481302022,-63.92788596503561,24.68470520104168,-3.106813762655299,0.7990905569,808076.0242,25.9316904616,1526.31950388,1.39872400882502,1.306977130177115,25.86093486558915,1.819518657616434,-30.08610299170731,-30.92067495014588,-32.57839861250478,-2.670596126280433,-14.0737607957239,14.29783987967445,0.0006070922749416586,-0.9457097586599277,1.39872400882502,1.306977130177115,25.86093486558915,25.71626626395372,1526.102790733574,-0.4167724534427529,25.92773870295763,0.1767389801903827,-0.4167724534427515,-0.4167873582616517,0.1767384557892955,-25.92773846694217, 2095.734879,-10.78165492, 13.55483334,-10.78165492, 1505.011878, 3.979907608, 13.55483334, 3.979907608, 3150.439301,77.08075536,2480,45.48951612903226,4.22741935483871,35.42701612903226,3.8338222503662,3.83382224772,-177.6649814547278,2.261450717605305,190.8833552464132,0.02157246671201126,-0.09439405261637802,0.995130901647453,-0.01840869623148083,0.7189180448983892,-0.05372974480589682,0.6884095640422856,-0.07976359682011189,-0.7189235688038749,0.05377743431316005,-0.6884058402573952,0.07971379351469719,86.904095954255,2.8889753199552,3.2716556725729e-05,3.2937049813142e-05,1.1588349222074e-06,20925649.95837418,2899.675922954431,11.94878970627441,20925650.15927881,0.4232314208925345,11.94878970627441,0.0079383408512567,3.83382224772,-3.2706509777303e-09,3.33454304,19.6969697,19.6969697,0.999496847,-3.10618701,11.9562807,-177.984516,-3.10618701,-0.157544742,0,1,-0.157544742,0,3.10083889,0.174,0.348,0,1.29695092,3.2423773,2.96694241,0,0,0,-1,-174.107892,0,190.897416,-190.897416,360,30,0.5235,0.279763323,3.38060222,0,0,0,-3.83382225,-6.29749434,-0.755457886,-26.6831964,0,0,0,-0,0,0,0.002,0,0,0,0,0,0,0,0,0,0,0,-825,-1.5,1.29954,29.9185,0,0,0,0,0,130,130,3.22175195835333841e-05,1.10546059392058098e-07,20925649.8987719454,-63.9278859650356068
2,-59.37885598112679,11.01630332473406,-2.610046739961842,41.15555970405728,-110.9265086043717,4.958743899958725,-59.38295458014467,11.01549255559472,-2.610067786288957,0.612913557,707691.5912,22.7116078555,1526.03317983,1.798749472209077,-1.255462991116973,22.60542953359409,5.983260400198783,-21.13890611454995,-33.94756402359643,-33.09256334792673,-2.051516827206282,-10.33900437792195,10.53202083381871,0.06301776010173722,-0.9774979337052714,1.798749472209077,-1.255462991116973,22.60542953359409,22.43005338576603,1525.867453658908,-1.634777943086424,22.65262042138256,-0.05848508942589148,-1.634777943086426,-1.634790849980136,-0.05848555342750728,-22.6526194887255, 2095.734879,-10.78165492, 13.55483334,-10.78165492, 1505.011878, 3.979907608, 13.55483334, 3.979907608, 3150.439301,77.08075536,2480,45.48951612903226,4.22741935483871,35.42701612903226,6.2632667832077,6.2632667805893,176.1639234327045,0.464672738499163,191.1837165095372,0.0007721426289884709,-0.09752115740486111,0.9946622481474259,0.03370518898456746,0.7038786086214528,-0.09279103374454388,0.7027862318898201,-0.04512472324407891,-0.7038818972967271,0.09284228147802413,-0.702779463592405,0.0450733954865481,85.450470813551,-3.1688384153673,3.2427153001973e-05,3.2645695628743e-05,1.173609665437e-06,20925652.36611683,3052.273919241472,11.84309462105857,20925652.58872341,0.4286275244426179,11.84309462105857,0.0083561482644808,6.2632667805893,0,3.33978533,19.6969697,19.6969697,0.999409098,-3.10541625,11.850845,-177.940351,-3.10541625,-0.162016276,0,1,-0.162016276,0,-3.07464049,-0.174,0.348,0,0.868434594,2.17108648,2.19102459,0,0,0,-1,136.019782,0,191.197799,-191.197799,360,30,0.5235,0.291650518,-2.78298997,0,0,0,-6.26326678,-6.18313255,-0.741588641,-23.3942081,0,0,0,-0,0,0,0.002,0,0,0,0,0,0,0,0,0,0,0,-825,-1.5,1.29953,29.9192,0,-0,0,0,0,130,130,3.19710996675143228e-05,5.45781211133090561e-08,20925652.3587475941,-59.3829545801446699
2.1,-55.59894945573565,1.815610071037352,-2.134959530425165,33.95965944560803,-71.42648310544935,4.437839932544628,-55.6030437987644,1.814791314174552,-2.135108848264403,0.4520433841,607751.4574,19.5052566759,1525.81129252,2.445403972525969,-2.962314930351594,19.1232771160591,6.814627513680093,-13.02635520670103,-35.48306822969042,-33.26549691992383,-1.523638867325927,-7.061528571245866,7.225263262045481,0.0942011626843029,-1.046889597972257,2.445403972525969,-2.962314930351594,19.1232771160591,19.1093603595857,1525.68957724647,-2.499322203478591,19.34302586498371,-0.2361713420164957,-2.499322203478592,-2.499333029739413,-0.2361717241998518,-19.34302446144763, 2095.734879,-10.78165492, 13.55483334,-10.78165492, 1505.011878, 3.979907608, 13.55483334, 3.979907608, 3150.439301,77.08075536,2480,45.48951612903226,4.22741935483871,35.42701612903226,8.363189201802,8.3631892009112,170.4057887104896,-0.1507160476228237,191.4890492956563,-0.00967457495550115,-0.09963283727664647,0.9915029160703126,0.08307627675637785,0.6942576761953358,-0.129194857234868,0.7079391975119198,-0.01170728551344462,-0.6942585705544383,0.1292490617835435,-0.7079293033473277,0.01165412810762764,82.71280636718,-8.7354647219637,3.1853680171532e-05,3.2068357859495e-05,1.1320614186571e-06,20925654.44322777,3204.85132996029,11.63365116063953,20925654.68864594,0.4134532514344755,11.63365116063953,0.0087739556777048,8.3631892009112,0,3.34511439,19.6969697,19.6969697,0.999333257,-3.10606818,11.6409911,-177.977707,-3.10606818,-0.167997266,0,1,-0.167997266,0,-2.97414208,-0.174,0.348,0,0.80140742,2.00351855,2.01901785,0,0,0.00153398437,-1,132.123399,0,191.503155,-191.503155,360,30,0.5235,0.302957967,-2.67118411,0,0,0,-8.3631892,-6.2949358,-0.754865839,-20.0978903,0,0,0,-0,0,0,0.002,0,0,0,0,0,0,0,0,0,0,0,-825,-1.5,1.29953,29.9193,0,-0,0,0,0,130,130,3.14216691871756801e-05,-4.55327309225773887e-08,20925654.4942313395,-55.6030437987643893
2.2,-52.5088122683919,-3.890836035658854,-1.72252612987401,27.38644641676133,-41.71141916947973,3.744047480109518,-52.5129042453253,-3.891650920662241,-1.722745197585628,0.3166424456,508643.3619,16.325158813,1525.64345835,3.081380815696586,-3.898273262099828,15.55054237356134,5.845552981154771,-5.752761386871567,-35.7913614645249,-33.20613508449711,-1.111628246006134,-4.537200248386003,4.667261898239988,0.09926364252857546,-1.01580791986512,3.081380815696586,-3.898273262099828,15.55054237356134,15.78437455601486,1525.558708355441,-3.072926933866687,16.02914236801449,-0.3667768726511058,-3.072926933866688,-3.072935688883747,-0.3667771660042183,-16.02914068288612, 2095.734879,-10.78165492, 13.55483334,-10.78165492, 1505.011878, 3.979907608, 13.55483334, 3.979907608, 3150.439301,77.08075536,2480,45.48951612903226,4.22741935483871,35.42701612903226,10.1317473948,10.131747395877,164.9926104814216,-0.008245144512543701,191.6517883353385,-0.01332663759945832,-0.1006273119784081,0.9863165607857343,0.1299083782290197,0.6880079655614602,-0.1630133619737682,0.7068542949607038,0.02070480228344007,-0.6880063025482903,0.1630700605401578,-0.7068412168527057,-0.02075998958203549,78.791879263443,-13.815094950886,3.1085099351482e-05,3.1294597175756e-05,1.0485835669132e-06,20925656.18786448,3357.413404368164,11.35294982449297,20925656.45720429,0.3829653715224595,11.35294982449297,0.0091917630909289,10.131747395877,3.2706509777303e-09,3.34795472,19.6969697,19.6969697,0.999269386,-3.10787276,11.3594017,-178.081109,-3.10787276,-0.172642181,0,1,-0.172642181,0,-2.87966429,-0.174,0.348,0,0.746511566,1.86627892,1.87885431,0,0,0.00306796875,-1,128.334495,0,191.665906,-191.665906,360,30,0.5235,0.313713944,-2.56595035,0,0,0,-10.1317474,-6.57991004,-0.788922545,-16.8180632,0,0,0,-0,0,0,0.002,0,0,0,0,0,0,0,0,0,0,0,-825,-1.5,1.29953,29.919,0,-0,0,0,0,130,130,3.06642733271007088e-05,-1.74861616202297571e-07,20925656.3010470159,-52.5129042453253021
2.3,-50.05214999626209,-6.994811628396765,-1.381736087240951,21.32067320701751,-19.66430883176388,3.012909046952115,-50.05624206547275,-6.995616347126751,-1.381988477405718,0.2066735692,410927.7643,13.1893822548,1525.52012207,3.572693665942952,-4.145321349255071,12.00049895394341,3.955202063963942,0.7348880710844838,-35.04609927032309,-33.01284597009494,-0.7651717454968961,-2.61310234388505,2.70446659450356,0.08561512396297243,-0.8641239500036477,3.572693665942952,-4.145321349255071,12.00049895394341,12.47256375150761,1525.465287307726,-3.425669213428843,12.72843743709197,-0.4598642332875551,-3.425669213428841,-3.425675965663245,-0.459864440916907,-12.72843561232538, 2095.734879,-10.78165492, 13.55483334,-10.78165492, 1505.011878, 3.979907608, 13.55483334, 3.979907608, 3150.439301,77.08075536,2480,45.48951612903226,4.22741935483871,35.42701612903226,11.569463811815,11.569463811896,159.8591508967106,0.5618636575721245,191.6321472482677,-0.01291636905289951,-0.1006259256760687,0.9794265427186712,0.1744455155929043,0.68342608357746,-0.194504901000323,0.7016922193163327,0.05219828659782576,-0.6834217038614574,0.1945637437504527,-0.7016759057998457,-0.05225559806256697,73.421095026884,-18.31809618254,3.0191033225361e-05,3.0394505482738e-05,9.346226189798e-07,20925657.60054903,3509.964315805712,11.02641831801774,20925657.89492089,0.3413443948547865,11.02641831801774,0.0096095705041529,11.569463811896,3.2706509777303e-09,3.34761192,19.6969697,19.6969697,0.999217467,-3.11064558,11.0316944,-178.239992,-3.11064558,-0.175072191,0,1,-0.175072191,0,-2.79006852,-0.174,0.348,0,0.702746649,1.75686662,1.76674771,0,0,0.00766992187,-1,124.596036,0,191.646263,-191.646263,360,30,0.5235,0.323945345,-2.46612318,0,0,0,-11.5694638,-6.99005379,-0.837997743,-13.5664334,0,0,0,-0,0,0,0.002,0,0,0,0,0,0,0,0,0,0,0,-825,-1.5,1.29953,29.9185,0,-0,0,0,0,130,130,2.97734377595244215e-05,-3.22419327988889041e-07,20925657.7781704478,-50.0562420654727518
2.4,-48.18215495612151,-8.189212360013459,-1.111360808127154,15.66787096951636,-3.828001859884391,2.364734228418773,-48.18624876890097,-8.190003703161821,-1.111626846475512,0.1219487487,315651.0343,10.1315923013,1525.43615685,3.860890734697009,-3.778735951690953,8.571104940532742,1.838494412520886,6.511952248268144,-33.4000938242531,-32.74709328366043,-0.4629567557835121,-1.224359349506704,1.277794794697032,0.05904943085693448,-0.6103846946078941,3.860890734697009,-3.778735951690953,8.571104940532742,9.184146333176644,1525.404230268386,-3.613083241019315,9.451129643146565,-0.5205194726399909,-3.613083241019315,-3.613088094143107,-0.5205196045557665,-9.451127780573609, 2095.734879,-10.78165492, 13.55483334,-10.78165492, 1505.011878, 3.979907608, 13.55483334, 3.979907608, 3150.439301,77.08075536,2480,45.48951612903226,4.22741935483871,35.42701612903226,12.678219724447,12.678219721837,154.9412836108312,1.317763014750197,191.451905954539,-0.01047322750641088,-0.09987021935320352,0.9710011622893502,0.216963115816199,0.6791959938114931,-0.2240350259056303,0.6940070206395657,0.08279712833713229,-0.6791887460169573,0.2240957543958769,-0.6939874137124431,-0.08285656132359266,65.750614129251,-21.898633540062,2.9224239511885e-05,2.9421196059281e-05,7.9971574851657e-07,20925658.68316231,3662.507540538426,10.6733249091742,20925659.00367698,0.2920735034158497,10.6733249091742,0.010027377917377,12.678219721837,-6.5413019554606e-09,3.34446612,19.6969697,19.6969697,0.999177428,-3.11423467,10.6773139,-178.445647,-3.11423467,-0.175515482,0,1,-0.175515482,0,-2.70423555,-0.174,0.348,0,0.669281704,1.67320426,1.68057891,0,0,0.0184078125,-1,120.860085,0,191.466009,-191.466009,360,30,0.5235,0.333677754,-2.37055779,0,0,0,-12.6782197,-7.48205457,-0.896897958,-10.3480257,0,0,0,-0,0,0,0.002,0,0,0,0,0,0,0,0,0,0,0,-825,-1.5,1.29953,29.9177,0,-0,0,0,0,130,130,2.88055713453661017e-05,-4.79643268477656565e-07,20925658.9264702834,-48.1862487689009669
2.5,-46.85119368999982,-8.039424371646827,-0.9017867150317405,10.66523149451555,6.965162361896808,1.791132362867957,-46.85528998065287,-8.040200589536902,-0.902059097350166,0.06221240583,225451.8919,7.2365655655,1525.38781974,3.948275792801243,-2.8654942359433,5.344898711070331,-0.01592744063325968,11.67009550563511,-31.00300271717176,-32.44937782658074,-0.1883294026671337,-0.3411145042214265,0.3605612901708545,0.03330385022985066,-0.2851862139516124,3.948275792801243,-2.8654942359433,5.344898711070331,5.924173042935474,1525.371859655958,-3.687079920304233,6.202269988011951,-0.552421796222248,-3.687079920304234,-3.687082996013923,-0.5524218668227552,-6.202268153297381, 2095.734879,-10.78165492, 13.55483334,-10.78165492, 1505.011878, 3.979907608, 13.55483334, 3.979907608, 3150.439301,77.08075536,2480,45.48951612903226,4.22741935483871,35.42701612903226,13.460640914738,13.460640914882,150.1795604705671,2.092714728998282,191.1631396529314,-0.007459194775061124,-0.09864873788531002,0.9611311876977621,0.2577588542836743,0.6743481024033862,-0.2520182570835036,0.6848966589994082,0.1125077836107073,-0.6743378443557552,0.2520806853514664,-0.6848736843277697,-0.1125692509421414,53.54672398948,-23.326754690077,2.8222810820389e-05,2.841301823932e-05,6.5219849165362e-07,20925659.43832971,3815.046116159906,10.30758185775399,20925659.78609836,0.2381970166970859,10.30758185775399,0.010445185330601,13.460640914882,0,3.3394262,19.6969697,19.6969697,0.999149175,-3.11848785,10.3103271,-178.689354,-3.11848785,-0.174728741,0,1,-0.174728741,0,-2.6211278,-0.174,0.348,0,0.645314866,1.61328716,1.61840267,0,0,0.0843691406,-1,117.093889,0,191.177221,-191.177221,360,30,0.5235,0.342935507,-2.27819229,0,0,0,-13.4606409,-8.01694078,-0.960953762,-7.16322192,0,0,0,-0,0,0,0.002,0,0,0,0,0,0,0,0,0,0,0,-825,-1.5,1.29953,29.9168,0,-0,0,0,0,130,130,2.78013243338126656e-05,-6.39375764375109426e-07,20925659.7479370013,-46.85528998065287
2.6,-45.97900842115502,-7.021297967181509,-0.7447338383482248,6.655873785615588,13.03136131172728,1.349071728370679,-45.98310727406781,-7.022057745548514,-0.7450139188488381,0.02718765893,149038.8328,4.78390808403,1525.37233238,3.877243747016299,-1.463503738555654,2.389751930620647,-1.291234947743788,16.28955526728554,-28.00900124740655,-32.15894335030936,0.04897759377523446,0.03792442706893828,-0.04562073939269758,0.01488757018247436,0.06129052669636728,3.877243747016299,-1.463503738555654,2.389751930620647,2.694149082325252,1525.36547105754,-3.697788927039301,2.983363988737546,-0.558276739814592,-3.697788927039299,-3.697790353448287,-0.5582767658281289,-2.983362215878208, 2095.734879,-10.78165492, 13.55483334,-10.78165492, 1505.011878, 3.979907608, 13.55483334, 3.979907608, 3150.439301,77.08075536,2480,45.48951612903226,4.22741935483871,35.42701612903226,13.919678345323,13.919678340557,145.5234624340618,2.782300455299386,190.8276603540038,-0.004867806799136851,-0.09724650792805523,0.9498611805793423,0.2971248202038712,0.6682113835488088,-0.2788626771585795,0.6750951802119349,0.1413352462705302,-0.6681979823190648,0.2789266732374455,-0.6750687416953375,-0.141398590400667,31.647740811756,-17.813654928739,2.7210935943552e-05,2.7394323835395e-05,4.9959236234674e-07,20925659.86900176,3967.582783104404,9.938023452093313,20925660.24513597,0.1824619566114052,9.938023452093313,0.010862992743825,13.919678340557,-3.2706509777303e-09,3.33357098,19.6969697,19.6969697,0.999132599,-3.12323473,9.93969165,-178.96135,-3.12323473,-0.173620401,0,1,-0.173620401,0,-2.53986356,-0.174,0.348,0,0.629494009,1.57373502,1.57698488,0,0,0.217825781,-1,113.285411,0,190.841717,-190.841717,360,30,0.5235,0.351741754,-2.1881218,0,0,0,-13.9196783,-8.55971779,-1.02597465,-4.00933687,0,0,0,-0,0,0,0.002,0,0,0,0,0,0,0,0,0,0,0,-825,-1.5,1.29953,29.9158,0,-0,0,0,0,130,130,2.67865416643713194e-05,-7.95252635471881903e-07,20925660.245154731,-45.9831072740678195
2.7,-45.42404034576631,-5.66072257782717,-0.6202102206803283,4.835653077173435,13.33000183506739,1.173894652673648,-45.42814149726219,-5.661464410975007,-0.620504403349954,0.01662387245,116541.0897,3.74079491442,1525.38246808,3.713726055905389,0.3760908454551228,-0.2456441519986398,-1.877899533227624,20.42579541616477,-24.63550305003026,-31.96368394038217,0.1845054012979054,-0.03968429865608975,0.01791237047017018,0.003508734517859262,0.304837763450659,3.713726055905389,0.3760908454551228,-0.2456441519986398,-0.5112131651778888,1525.377907539313,-3.694832854612492,-0.2108766430265663,-0.5452410564684501,-3.69483285461249,-3.694832757536829,-0.5452410551868281,0.2108783472251616, 2095.734879,-10.78165492, 13.55483334,-10.78165492, 1505.011878, 3.979907608, 13.55483334, 3.979907608, 3150.439301,77.08075536,2480,45.48951612903226,4.22741935483871,35.42701612903226,14.05814531818,14.058145318273,140.9351128825243,3.336444670083134,190.4997764665774,-0.003257642505432852,-0.09588997838027125,0.9372104704500004,0.3353073722577938,0.6604045304996555,-0.3049026116531228,0.6650112272281805,0.1692935945719846,-0.6603878614367833,0.304968076243252,-0.6649812083096152,-0.1693586063196257,-3.7843127992046,5.7701333656732,2.6199056239896e-05,2.6375624575144e-05,3.4822029869576e-07,20925659.97799136,4120.119844119727,9.568463120775558,20925660.38360312,0.1271775996610813,9.568463120775558,0.011280800157049,14.058145318273,3.2706509777303e-09,3.32784832,19.6969697,19.6969697,0.999127599,-3.12830211,9.56930179,-179.251711,-3.12830211,-0.172965123,0,1,-0.172965123,0,-2.45978175,-0.174,0.348,0,0.61950573,1.54876432,1.55092861,0,0,0.328272656,-1,109.445683,0,190.513809,-190.513809,360,30,0.5235,0.360118514,-2.09966324,0,0,0,-14.0581453,-9.07900073,-1.08820375,-0.877325402,0,0,0,-0,0,0,0.002,0,0,0,0,0,0,0,0,0,0,0,-825,-1.5,1.29953,29.9149,0,0,0,0,0,130,130,2.57725228836726393e-05,-9.41916995576998273e-07,20925660.4207595065,-45.4281414972621889
2.8,-44.89399518299213,-4.421294134162758,-0.5012291368293104,6.33288554156735,11.155149441087,1.23576069541859,-44.89809830252945,-4.422016017447238,-0.5015447284016884,0.03036001932,157494.2579,5.05530865106,1525.40641515,3.514505927659457,2.606083894703979,-2.532334965137028,-2.054725123188668,24.09175726375563,-21.03491067834194,-31.90322642791434,0.2041392387909347,-0.2882054860184152,0.2651307060756471,-0.00517451196770283,0.3801019505788048,3.514505927659457,2.606083894703979,-2.532334965137028,-3.704539040887608,1525.397404059554,-3.710451819004772,-3.39307914300866,-0.5250778852401459,-3.710451819004772,-3.710450317438561,-0.525077873297791,3.393080786871664, 2095.734879,-10.78165492, 13.55483334,-10.78165492, 1505.011878, 3.979907608, 13.55483334, 3.979907608, 3150.439301,77.08075536,2480,45.48951612903226,4.22741935483871,35.42701612903226,13.877904396504,13.877904395368,136.3977121585215,3.755246498692579,190.2072699975596,-0.002719019727842313,-0.0946709345918583,0.9232183826052117,0.3724215878477518,0.6508914860957004,-0.3302843346678569,0.6547364715406873,0.1963992984600319,-0.6508714323760617,0.3303511747376138,-0.6547027495299044,-0.1964657466944192,-35.774181987921,31.031837634152,2.5185809802082e-05,2.5355549372335e-05,2.0165947304388e-07,20925659.76716079,4272.658599028531,9.198403483533726,20925660.20336236,0.07365040925469657,9.198403483533726,0.011698607570273,13.877904395368,3.2706509777303e-09,3.32274312,19.6969697,19.6969697,0.999134107,-3.13358596,9.19869219,-179.554475,-3.13358596,-0.173143771,0,1,-0.173143771,0,-2.38058917,-0.174,0.348,0,0.610438718,1.52609679,1.52862643,0,0,0.469399219,-1,105.641055,0,190.221281,-190.221281,360,30,0.5235,0.368086735,-2.01250243,0,0,0,-13.8779044,-9.54661921,-1.14426943,2.24881135,0,0,0,-0,0,0,0.002,0,0,0,0,0,0,0,0,0,0,0,-825,-1.5,1.29952,29.9141,0,0,-0,0,0,130,130,2.47579529450359208e-05,-1.07644312509952259e-06,20925660.2765239738,-44.8980983025294478
2.9,23.27637417169882,-4.051745909616798,2.428400988855322,110.5438710919158,9.756081553539111,-0.9045736692561819,23.27226748738842,-4.052455506841887,2.428104477123092,0.0326954591,163440.1724,5.24611959226,1525.72116235,3.15127274171617,3.201324092774926,-2.709755512343518,-2.017273115858873,15.95590962682632,-20.2744600828856,-25.60837595666374,-0.8594682250138399,0.3389825513653432,0.2707586760641998,-5.261351739728859,4.064489861114366,3.15127274171617,3.201324092774926,-2.709755512343518,-4.270156241329029,1525.711288738623,-3.448827919774256,-3.947508798689519,-0.2110237910640418,-3.448827919774257,-3.448826240516957,-0.2110237829241348,3.947510266244117, 2095.734879,-10.78165492, 13.55483334,-10.78165492, 1505.011878, 3.979907608, 13.55483334, 3.979907608, 3150.439301,77.08075536,2480,45.48951612903226,4.22741935483871,35.42701612903226,13.533585809171,13.533585809981,135.4616117079267,3.988688626369187,189.8363067812975,-0.0003828268435196411,-0.09242957995348171,0.9203172627223143,0.3800957275852199,0.6504920161208672,-0.3341258931792051,0.6510331380680279,0.20341061331087,-0.6504705047276715,0.3341947287347261,-0.6509978054044639,-0.2034793923812012,-40.691987246326,37.605922107273,2.4210267304973e-05,2.4373432216819e-05,1.18145985221e-07,20925659.39113574,4425.220342637701,8.842114079358302,20925659.85904393,0.04314947316288453,8.842114079358302,0.012116414983497,13.533585809981,3.2706509777303e-09,3.31626859,19.6969697,19.6969697,0.999146541,-3.1367127,8.84221361,-179.733638,-3.1367127,-0.169795983,0,1,-0.169795983,0,-2.36425113,-0.174,0.348,0,-0.564179731,-1.41044933,-1.3489202,0,0,0.608991797,-1,124.749828,0,189.85029,-189.85029,360,30,0.5235,0.37566634,-1.98858479,0,0,0,-13.5335858,-9.94181791,-1.19167266,2.7558376,0,0,0,-0,0,0,0.002,0,0,0,0,0,0,0,0,0,0,0,-825,-1.5,1.29952,29.9134,0,0,-0,0,0,130,130,2.37758094675398336e-05,-1.15409981305964017e-06,20925659.9401966669,23.2722674873884152
3,33.86678373768116,-3.181767262443461,2.176808729415228,99.65957138331918,7.445736955262861,-3.725919496144912,33.8626724686919,-3.182473135107978,2.176573114191016,0.06482338103,230135.1954,7.38681090217,1525.64554064,2.973316999411815,4.701847140862662,-4.859731966823843,-1.520162598608148,13.8321936402729,-22.92396117335497,-26.25105929838584,-0.823509820070653,-0.3085001612340607,0.8615141411880273,-4.493389893057147,3.899266107585325,2.973316999411815,4.701847140862662,-4.859731966823843,-6.860788951578598,1525.626222165068,-3.44608162797662,-6.52703623692989,-0.2954567303774169,-3.44608162797662,-3.446078959484442,-0.2954567248280044,6.527037646065153, 2095.734879,-10.78165492, 13.55483334,-10.78165492, 1505.011878, 3.979907608, 13.55483334, 3.979907608, 3150.439301,77.08075536,2480,45.48951612903226,4.22741935483871,35.42701612903226,13.010399799794,13.010399801756,138.2539151709508,4.093030612244795,189.4159228124729,0.004029381432257886,-0.0893223306225089,0.9295813469784309,0.3576084516439769,0.6601626107515124,-0.3160278259194306,0.6544639360945557,0.1897068711512752,-0.6601418563375308,0.3160994104230326,-0.6544293645107558,-0.1897790797414149,-58.540564356111,39.532753738217,2.326780364971e-05,2.3424616838887e-05,4.8713987435581e-08,20925658.83512986,4577.787184726229,8.49790572368993,20925659.33585807,0.01779140304279281,8.49790572368993,0.012534222396721,13.010399801756,-3.2706509777303e-09,3.30893151,19.6969697,19.6969697,0.999165433,-3.13949903,8.49791903,-179.893295,-3.13949903,-0.165245236,0,1,-0.165245236,0,-2.41298602,-0.174,0.348,0,-0.7504397,-1.87609925,-1.83140464,0,0,0.710234766,-1,130.367947,0,189.429875,-189.429875,360,30,0.5235,0.382876283,-2.03010974,0,0,0,-13.0103998,-10.2603462,-1.22990663,5.29713101,0,0,0,-0,0,0,0.002,0,0,0,0,0,0,0,0,0,0,0,-825,-1.5,1.29952,29.9128,0,0,-0,0,0,130,130,2.28215427664128933e-05,-1.22803067229129444e-06,20925659.3964343406,33.8626724686918976
3.1,43.23480094868292,-2.535715494432624,1.780249285774521,86.56407480005805,5.361880492701451,-3.968862652577094,43.23068620165689,-2.536420450878677,1.780081366819366,0.1148942602,306386.4355,9.83411590706,1525.58071503,2.853013415142398,5.931997521918785,-7.306268235318722,-0.841840776858169,10.44843505839827,-26.11797655465707,-26.92736222190618,-0.7706286736332641,-1.151260568938489,1.638728429500512,-3.62828441762337,3.721015237559365,2.853013415142398,5.931997521918785,-7.306268235318722,-9.520941530418474,1525.546951201138,-3.517019316305283,-9.176084059049046,-0.3740215815456782,-3.517019316305283,-3.517015718173106,-0.3740215884428011,9.176085437863058, 2095.734879,-10.78165492, 13.55483334,-10.78165492, 1505.011878, 3.979907608, 13.55483334, 3.979907608, 3150.439301,77.08075536,2480,45.48951612903226,4.22741935483871,35.42701612903226,12.225811086595,12.225811090403,142.0564251977987,4.184401733424574,189.0777121660444,0.008706375686242447,-0.08661806448957443,0.9411453518417455,0.3265990456709372,0.6716467269897763,-0.2921886537189121,0.6593337915087504,0.1696921216101272,-0.6716275427753664,0.2922631748887391,-0.6593007618616324,-0.1697680352662085,-68.669928612637,37.099855761387,2.2316455844924e-05,2.2466857438342e-05,-4.3065867893825e-08,20925658.01661077,4730.345797930004,8.150452599720005,20925658.55126949,-0.01572858689451095,8.150452599720005,0.012952029809945,12.225811090403,-3.2706509777303e-09,3.30302862,19.6969697,19.6969697,0.999193765,3.13966288,8.15046298,179.902683,3.13966288,-0.163365744,0,1,-0.163365744,0,-2.47935234,-0.174,0.348,0,-0.915841725,-2.28960431,-2.25054866,0,0,0.832953516,-1,136.513379,0,189.09164,-189.09164,360,30,0.5235,0.389734592,-2.08961775,0,0,0,-12.2258111,-10.4861862,-1.25706033,7.91902511,0,0,0,-0,0,0,0.002,0,0,0,0,0,0,0,0,0,0,0,-825,-1.5,1.29952,29.9125,0,0,-0,0,0,130,130,2.18580737555384196e-05,-1.32324142188565395e-06,20925658.5834661201,43.2306862016568942
3.2,51.32437943832125,-2.082496512488477,1.413826265589644,74.62343512694497,3.600792931976752,-3.194282062052242,51.32026218124256,-2.083200618719529,1.413732820323283,0.1841213541,387861.519,12.4489163206,1525.52292155,2.8135195039684,6.749788250475129,-10.07472005228378,0.1034708132684082,5.546881727512126,-29.26752670908803,-27.37373065847668,-0.7981077467823472,-2.248979246147286,2.697112576572493,-2.908952232806239,3.636966523588269,2.8135195039684,6.749788250475129,-10.07472005228378,-12.23851008524698,1525.469378826874,-3.684739828242352,-11.88254916754782,-0.4508161890667139,-3.684739828242351,-3.684735374178455,-0.4508162214045388,11.88255054751075, 2095.734879,-10.78165492, 13.55483334,-10.78165492, 1505.011878, 3.979907608, 13.55483334, 3.979907608, 3150.439301,77.08075536,2480,45.48951612903226,4.22741935483871,35.42701612903226,11.173251736909,11.173251737944,146.7410220097711,4.278278278895242,188.8115911777011,0.01369038913605956,-0.08420617382775468,0.9538576383975501,0.2878845240808227,0.6841598961854567,-0.2631078817956973,0.6647985095348287,0.1440222924021024,-0.6841430878949338,0.2631854445996396,-0.6647678072031155,-0.1441021149839111,-74.396796987673,32.833450662787,2.1333019204142e-05,2.1476792940684e-05,-1.5592789681184e-07,20925656.92901062,4882.89663724714,7.791279865166509,20925657.49871028,-0.05694823931025894,7.791279865166509,0.013369837223169,11.173251737944,-6.5413019554606e-09,3.29838393,19.6969697,19.6969697,0.999231775,3.13428356,7.7914838,179.594448,3.13428356,-0.164100376,0,1,-0.164100376,0,-2.56111398,-0.174,0.348,0,-1.05879558,-2.64698894,-2.61334716,0,0,0.987885938,-1,143.044649,0,188.825499,-188.825499,360,30,0.5235,0.396258417,-2.16485556,0,0,0,-11.1732517,-10.6029547,-1.27116986,10.6113807,0,0,0,-0,0,0,0.002,0,0,0,0,0,0,0,0,0,0,0,-825,-1.5,1.29952,29.9123,0,0,-0,0,0,130,130,2.08615464995853136e-05,-1.43435836215290483e-06,20925657.4957991876,51.3202621812425619
3.3,58.34861693067491,-1.794034006147655,1.147428023971542,65.69759748163189,2.076767124829404,-1.975874276797782,58.34449791764072,-1.79473391849175,1.147415462555311,0.2730184771,472308.7364,15.1588783625,1525.46270945,2.882851873397085,7.001451064788487,-13.13241947516577,1.333667593735174,-0.8780037855073342,-31.80918864948659,-27.5133146295837,-0.928763702361397,-3.61100392355195,4.055246887813304,-2.376295130401212,3.708005688353639,2.882851873397085,7.001451064788487,-13.13241947516577,-14.98555203688153,1525.383921027185,-3.975502625405096,-14.61849127319791,-0.5354297144572326,-3.975502625405095,-3.97549741437179,-0.5354297886140298,14.61849268762268, 2095.734879,-10.78165492, 13.55483334,-10.78165492, 1505.011878, 3.979907608, 13.55483334, 3.979907608, 3150.439301,77.08075536,2480,45.48951612903226,4.22741935483871,35.42701612903226,9.8483151048422,9.8483151100735,152.1870826601895,4.379489429552356,188.6020355584564,0.01897328198236468,-0.08190227142829359,0.9665602171520951,0.2422671647677387,0.6968775400371139,-0.2292224250990224,0.6700450239962261,0.1133950609217196,-0.6968638913107342,0.229303043188223,-0.6700174391275201,-0.1134789083349014,-77.618720083539,27.50792603267,2.028741912082e-05,2.042414605149e-05,-2.9065049005812e-07,20925655.567923,5035.439411464599,7.409403638161534,20925656.17377379,-0.1061518365468146,7.409403638161534,0.013787644636393,9.8483151100735,0,3.2947265,19.6969697,19.6969697,0.999279622,3.127267,7.41016049,179.192399,3.127267,-0.1674595,0,1,-0.1674595,0,-2.65616567,-0.174,0.348,0,-1.18273184,-2.95682959,-2.92741611,0,0,0.909652734,-1,149.91394,0,188.615928,-188.615928,360,30,0.5235,0.402464071,-2.2537016,0,0,0,-9.84831511,-10.5952948,-1.27039192,13.3481008,0,0,0,-0,0,0,0.002,0,0,0,0,0,0,0,0,0,0,0,-825,-1.5,1.29952,29.9124,0,0,-0,0,0,130,130,1.9801127090075523e-05,-1.55794314922234771e-06,20925656.1302168891,58.3444979176407159
3.4,64.64685593431669,-1.648051486238571,1.018933480462879,60.46220386451903,0.7737702726402755,-0.389343632573763,64.64273570515094,-1.648740342162029,1.019007592492448,0.3814353784,558273.3469,17.9172508882,1525.38985534,3.088680771050182,6.540218614659485,-16.3924821475402,2.826617762254584,-8.701298643692184,-33.22335345810913,-27.34891662939098,-1.157633821373142,-5.218511769518431,5.694133215272295,-1.979937387189883,3.96640343347555,3.088680771050182,6.540218614659485,-16.3924821475402,-17.73120900836285,1525.280407905119,-4.41500568629739,-17.3530547877976,-0.6380389581164714,-4.41500568629739,-4.414999849603503,-0.6380390946433465,17.35305626776233, 2095.734879,-10.78165492, 13.55483334,-10.78165492, 1505.011878, 3.979907608, 13.55483334, 3.979907608, 3150.439301,77.08075536,2480,45.48951612903226,4.22741935483871,35.42701612903226,8.2495998069644,8.2495998103283,158.301890377825,4.489931088326316,188.4318945905009,0.02454108518133977,-0.07949947007599295,0.9781750846032304,0.1903971461372821,0.7090275169723581,-0.1908457380787441,0.6743209492714523,0.07841646387614803,-0.7090177905525401,0.1909293294525665,-0.6742972857160011,-0.0785043585466509,-79.32939998716,21.409032324351,1.9142404385022e-05,1.9271414506168e-05,-4.5078021832497e-07,20925653.93194703,5187.972818987629,6.991218992065774,20925654.57505864,-0.1646346592733607,6.991218992065774,0.014205452049617,8.2495998103283,0,3.29175698,19.6969697,19.6969697,0.999337359,3.11804823,6.99315442,178.664163,3.11804823,-0.173708749,0,1,-0.173708749,0,-2.7628892,-0.174,0.348,0,-1.29346445,-3.23366112,-3.20690416,0,0,0.770060156,-1,157.138718,0,188.445775,-188.445775,360,30,0.5235,0.408367071,-2.35452213,0,0,0,-8.24959981,-10.4490353,-1.25302223,16.100034,0,0,0,-0,0,0,0.002,0,0,0,0,0,0,0,0,0,0,0,-825,-1.5,1.29952,29.9127,0,0,-0,0,0,130,130,1.86388222565779979e-05,-1.69352196861287559e-06,20925654.4865486957,64.6427357051509546
